custcode,Mar,Apr,May,firstAccum,firstTrend,SecondTrend,AvgFirstTrend,Jun,Jul,Aug,SecondAccum,ThirdTrend,FourthTrend,SecondAvgTrend,AccumTrend
00001NS,,,,0,0,0,0,,"12,115",,"12,115",0,0,0,0
01013AY,"831,289","566,242","503,215","1,900,746",1.47,1.13,1.3,"786,792","532,707","529,945","1,849,445",0.68,0.99,0.835,0.97
01015AY,,280,"22,800","23,080",0,0.01,0.005,"17,348","4,835","7,764","29,947",0.28,1.61,0.945,1.3
01016AY,"16,922",,,"16,922",0,0,0,"1,177","4,340","5,298","10,815",3.69,1.22,2.455,0.64
01017AY,"69,293","58,365","98,767","226,425",1.19,0.59,0.89,"23,897","16,340","32,244","72,481",0.68,1.97,1.325,0.32
01018AY,"19,017","33,069",256,"52,342",0.58,129.18,64.88,"29,572",,,"29,572",0,0,0,0.56
01019AY,578,"1,913",,"2,491",0.3,0,0.15,,56,"1,772","1,829",0,31.61,15.805,0.73
01019CM,,,434,434,0,0,0,,,,0,0,0,0,0
01020AY,"2,848",,,"2,848",0,0,0,,"3,841",329,"4,170",0,0.09,0.045,1.46
01021AY,,"1,651",127,"1,778",0,13,6.5,78,,,78,0,0,0,0.04
01024AY,,,,0,0,0,0,,,,0,0,0,0,0
01025AY,,"1,926",,"1,926",0,0,0,,71,318,389,0,4.47,2.235,0.2
01026AY,"4,757","4,204",783,"9,744",1.13,5.37,3.25,,437,,437,0,0,0,0.04
01027AY,,891,389,"1,280",0,2.29,1.145,,,,0,0,0,0,0
01028AY,"1,141",206,,"1,347",5.54,0,2.77,,,"2,445","2,445",0,0,0,1.82
01030AY,,,"3,909","3,909",0,0,0,,,,0,0,0,0,0
01127TR,,,,0,0,0,0,,,"40,093","40,093",0,0,0,0
02003BS,"3,387",,,"3,387",0,0,0,,,,0,0,0,0,0
04003AY,"133,434","160,123","129,270","422,827",0.83,1.24,1.035,"244,780","119,841","104,364","468,985",0.49,0.87,0.68,1.11
04006AY,"101,840","71,591","544,110","717,541",1.42,0.13,0.775,"201,735","293,344","39,066","534,146",1.45,0.13,0.79,0.74
04007AY,,,,0,0,0,0,"4,449",,"4,860","9,308",0,0,0,0
04009AY,"26,894","17,793","4,833","49,520",1.51,3.68,2.595,,"1,103","1,589","2,692",0,1.44,0.72,0.05
04011AY,209,235,"2,699","3,143",0.89,0.09,0.49,,"3,318","3,790","7,108",0,1.14,0.57,2.26
04014AY,,,,0,0,0,0,,,,0,0,0,0,0
04086TJ,,,,0,0,0,0,"1,029",,,"1,029",0,0,0,0
08008BS,,,,0,0,0,0,,,639,639,0,0,0,0
08010AY,"20,268","10,949","3,459","34,676",1.85,3.17,2.51,"16,359","15,969","13,421","45,749",0.98,0.84,0.91,1.32
08011AY,"5,820",,,"5,820",0,0,0,,,"8,354","8,354",0,0,0,1.44
08013AY,"6,291",873,,"7,164",7.21,0,3.605,,"8,494","6,083","14,578",0,0.72,0.36,2.03
08014AY,,,,0,0,0,0,,,52,52,0,0,0,0
08015AY,"1,517,934","1,550,442","1,712,488","4,780,864",0.98,0.91,0.945,"1,464,759","1,276,862","1,377,945","4,119,565",0.87,1.08,0.975,0.86
08016AY,"12,211","1,612","152,351","166,174",7.58,0.01,3.795,,"92,367",,"92,367",0,0,0,0.56
08017AY,62,308,,370,0.2,0,0.1,,721,,721,0,0,0,1.95
08018AY,,145,,145,0,0,0,,822,"2,479","3,301",0,3.01,1.505,22.77
08020AY,,,346,346,0,0,0,428,,,428,0,0,0,1.24
08021AY,,,,0,0,0,0,,,,0,0,0,0,0
08023AY,"1,145",396,807,"2,348",2.89,0.49,1.69,450,,288,738,0,0,0,0.31
09001AY,,"83,657",673,"84,330",0,124.3,62.15,"4,589","4,912","25,378","34,879",1.07,5.17,3.12,0.41
09002AY,"8,663","4,668","25,268","38,599",1.86,0.18,1.02,"11,076","5,192","2,384","18,652",0.47,0.46,0.465,0.48
09004AY,215,,,215,0,0,0,,79,305,384,0,3.84,1.92,1.79
09005AY,71,,,71,0,0,0,,,,0,0,0,0,0
10002BS,,,,0,0,0,0,,603,,603,0,0,0,0
10006AY,"584,286","469,187","216,634","1,270,107",1.25,2.17,1.71,"338,099","246,521","391,321","975,941",0.73,1.59,1.16,0.77
10010AY,"1,049",636,,"1,685",1.65,0,0.825,,,,0,0,0,0,0
10012AY,"99,410","126,421","165,371","391,202",0.79,0.76,0.775,"167,928","48,763","21,251","237,943",0.29,0.44,0.365,0.61
10014BS,892,,,892,0,0,0,695,,826,"1,521",0,0,0,1.71
10017AY,,,,0,0,0,0,,,,0,0,0,0,0
10018AY,,,,0,0,0,0,,,533,533,0,0,0,0
10020AY,,,,0,0,0,0,,"5,566",,"5,566",0,0,0,0
10022AY,640,,"7,431","8,071",0,0,0,,,"3,925","3,925",0,0,0,0.49
10026AY,,,"2,891","2,891",0,0,0,,"1,262","1,056","2,318",0,0.84,0.42,0.8
10027AY,,,,0,0,0,0,,,,0,0,0,0,0
11001AY,"1,034,291","614,724","587,192","2,236,207",1.68,1.05,1.365,"826,264","568,289","192,879","1,587,433",0.69,0.34,0.515,0.71
11006BS,,,,0,0,0,0,220,,,220,0,0,0,0
11007AY,,,,0,0,0,0,,,,0,0,0,0,0
11008AY,,,,0,0,0,0,,,"3,603","3,603",0,0,0,0
11009AY,,,"12,111","12,111",0,0,0,"18,867",606,,"19,473",0.03,0,0.015,1.61
19001AY,,,,0,0,0,0,,,,0,0,0,0,0
19002AY,,"10,173","81,105","91,278",0,0.13,0.065,"98,912",,"20,259","119,170",0,0,0,1.31
19006AY,,,,0,0,0,0,,,925,925,0,0,0,0
20002RB,,408,,408,0,0,0,,,,0,0,0,0,0
20004AY,"193,550","148,590","453,394","795,534",1.3,0.33,0.815,"183,718","56,362","8,409","248,489",0.31,0.15,0.23,0.31
20005BS,,"5,415",,"5,415",0,0,0,"7,330",269,,"7,599",0.04,0,0.02,1.4
20006AY,89,,"2,102","2,191",0,0,0,832,,,832,0,0,0,0.38
20008AY,,179,,179,0,0,0,,,39,39,0,0,0,0.22
20010AY,"1,383",,841,"2,224",0,0,0,,,,0,0,0,0,0
20014AY,445,814,,"1,259",0.55,0,0.275,,980,,980,0,0,0,0.78
21004AY,232,220,"9,338","9,790",1.05,0.02,0.535,,,"4,220","4,220",0,0,0,0.43
22001AY,"2,895",952,"2,628","6,475",3.04,0.36,1.7,427,301,,728,0.7,0,0.35,0.11
23015AY,"45,019","65,290","90,393","200,702",0.69,0.72,0.705,"57,752","167,324","32,833","257,909",2.9,0.2,1.55,1.29
23015NR,"4,222",,,"4,222",0,0,0,286,,,286,0,0,0,0.07
23016AY,"30,503","62,721","43,890","137,114",0.49,1.43,0.96,"34,678","58,295","23,034","116,008",1.68,0.4,1.04,0.85
23016NR,,,,0,0,0,0,,,,0,0,0,0,0
23019AY,"232,775","462,485","228,442","923,702",0.5,2.02,1.26,"465,509","302,796","317,966","1,086,271",0.65,1.05,0.85,1.18
23020AY,,,708,708,0,0,0,,,,0,0,0,0,0
23021AY,"1,290",,,"1,290",0,0,0,,,,0,0,0,0,0
23029AY,"21,130",,687,"21,817",0,0,0,111,713,"1,847","2,671",6.41,2.59,4.5,0.12
23031AY,"414,533","130,250","29,009","573,792",3.18,4.49,3.835,"11,971","7,736","116,988","136,695",0.65,15.12,7.885,0.24
23033AY,"161,255","80,032","75,089","316,376",2.01,1.07,1.54,"102,327","190,517","88,320","381,164",1.86,0.46,1.16,1.2
23035AY,,,,0,0,0,0,,"1,189","1,314","2,503",0,1.11,0.555,0
23037AY,,,,0,0,0,0,,"39,250",,"39,250",0,0,0,0
23038AY,"9,533","4,766","4,766","19,065",2,1,1.5,"13,850","6,206","23,925","43,981",0.45,3.86,2.155,2.31
23125TP,,,,0,0,0,0,,247,,247,0,0,0,0
24003AY,,,"5,427","5,427",0,0,0,,,,0,0,0,0,0
24005AY,,,,0,0,0,0,,123,,123,0,0,0,0
24008AY,"5,125","2,845","1,537","9,507",1.8,1.85,1.825,,,,0,0,0,0,0
24010AY,,,,0,0,0,0,,,"12,646","12,646",0,0,0,0
24011AY,"24,184","18,884","25,008","68,076",1.28,0.76,1.02,"1,047","1,921","47,306","50,274",1.83,24.63,13.23,0.74
24013AY,"2,266",,,"2,266",0,0,0,,,,0,0,0,0,0
24015AY,,,,0,0,0,0,,,247,247,0,0,0,0
24020AY,"49,581","31,947","83,658","165,186",1.55,0.38,0.965,"141,692","148,955","126,698","417,345",1.05,0.85,0.95,2.53
25004AY,"2,474","36,643","51,357","90,474",0.07,0.71,0.39,"3,549","1,254",290,"5,093",0.35,0.23,0.29,0.06
25005AY,,,,0,0,0,0,,,,0,0,0,0,0
25006AY,,,,0,0,0,0,,"14,165",,"14,165",0,0,0,0
25007AY,"27,619",,,"27,619",0,0,0,,,,0,0,0,0,0
25009AY,,488,,488,0,0,0,,,,0,0,0,0,0
25014AY,"15,505","37,691","58,011","111,207",0.41,0.65,0.53,"9,343",537,,"9,881",0.06,0,0.03,0.09
25016AY,,"5,833",,"5,833",0,0,0,"5,557","2,267",950,"8,774",0.41,0.42,0.415,1.5
25017NS,,,,0,0,0,0,,,,0,0,0,0,0
25019AY,,,,0,0,0,0,,,,0,0,0,0,0
26001BS,520,,,520,0,0,0,,,,0,0,0,0,0
26002BS,,,,0,0,0,0,,,290,290,0,0,0,0
26005AY,"6,920","4,719","15,736","27,375",1.47,0.3,0.885,"19,845",664,"4,045","24,554",0.03,6.1,3.065,0.9
26008AY,,,,0,0,0,0,"3,419",,,"3,419",0,0,0,0
26008CM,,,,0,0,0,0,,,"9,692","9,692",0,0,0,0
26009AY,,,,0,0,0,0,,,,0,0,0,0,0
26015AY,,,,0,0,0,0,,50,,50,0,0,0,0
26018AY,"15,492","33,879","80,148","129,519",0.46,0.42,0.44,"28,076","22,264","8,741","59,081",0.79,0.39,0.59,0.46
26097TS,,,84,84,0,0,0,,,,0,0,0,0,0
27003AY,"136,595","44,977","99,774","281,346",3.04,0.45,1.745,"63,794","100,220","80,177","244,191",1.57,0.8,1.185,0.87
27005AY,"297,723","207,828","192,378","697,929",1.43,1.08,1.255,"134,388","248,904","149,969","533,261",1.85,0.6,1.225,0.76
27007AY,"5,519",260,"22,996","28,775",21.23,0.01,10.62,"11,854","2,021","3,768","17,643",0.17,1.86,1.015,0.61
27009AY,,,,0,0,0,0,"3,000",,,"3,000",0,0,0,0
27010AY,"83,521","30,580","13,418","127,519",2.73,2.28,2.505,"9,515","9,574","77,929","97,018",1.01,8.14,4.575,0.76
27011AY,,,,0,0,0,0,,,"2,086","2,086",0,0,0,0
27012RY,"12,804","26,943","46,276","86,023",0.48,0.58,0.53,,,,0,0,0,0,0
27014AY,,,,0,0,0,0,,,,0,0,0,0,0
27017AY,,,,0,0,0,0,299,,,299,0,0,0,0
27077TS,,,,0,0,0,0,"10,858",,,"10,858",0,0,0,0
27114TL,"10,638",,,"10,638",0,0,0,"4,294",,,"4,294",0,0,0,0.4
30006TN,,,204,204,0,0,0,329,,,329,0,0,0,1.61
30007AY,"26,816","9,678","28,788","65,282",2.77,0.34,1.555,"41,906",824,"38,413","81,143",0.02,46.6,23.31,1.24
30009AY,,,"10,721","10,721",0,0,0,,"3,776",,"3,776",0,0,0,0.35
30010AY,237,,,237,0,0,0,"66,276","1,785","1,302","69,363",0.03,0.73,0.38,292.67
30011AY,107,415,330,852,0.26,1.26,0.76,,564,107,671,0,0.19,0.095,0.79
30011HY,,,,0,0,0,0,,,,0,0,0,0,0
30013AY,,,,0,0,0,0,,,,0,0,0,0,0
30018CB,688,894,,"1,582",0.77,0,0.385,,,,0,0,0,0,0
30022AY,"5,513","13,542","87,405","106,460",0.41,0.15,0.28,"18,100","28,053","11,688","57,841",1.55,0.42,0.985,0.54
30023AY,,,,0,0,0,0,,,407,407,0,0,0,0
30024AY,,,,0,0,0,0,,"2,325",,"2,325",0,0,0,0
30036AY,,,458,458,0,0,0,,"1,262",533,"1,795",0,0.42,0.21,3.92
32001BS,,882,"1,981","2,863",0,0.45,0.225,"3,193","1,869","3,272","8,334",0.59,1.75,1.17,2.91
32002AY,"38,439","17,969","16,029","72,437",2.14,1.12,1.63,"45,894","15,797","10,411","72,102",0.34,0.66,0.5,1
32002BS,,,,0,0,0,0,525,"6,904",,"7,429",13.15,0,6.575,0
32003AY,"53,174","82,185","58,625","193,984",0.65,1.4,1.025,"114,335","8,033","161,896","284,264",0.07,20.15,10.11,1.47
32004RY,,,,0,0,0,0,,,,0,0,0,0,0
32005AY,,,,0,0,0,0,,"1,069",,"1,069",0,0,0,0
33002AY,"30,555",,,"30,555",0,0,0,,,,0,0,0,0,0
33015RB,,,,0,0,0,0,,"31,002",,"31,002",0,0,0,0
34001BS,,,,0,0,0,0,"2,061","1,432",576,"4,069",0.69,0.4,0.545,0
34003AY,,,,0,0,0,0,,841,,841,0,0,0,0
34004AY,,,"10,861","10,861",0,0,0,,"2,678",,"2,678",0,0,0,0.25
35004NR,,,,0,0,0,0,,"1,846",,"1,846",0,0,0,0
35006NR,,,,0,0,0,0,"4,454",,"12,924","17,378",0,0,0,0
35007AY,,,,0,0,0,0,,,,0,0,0,0,0
35011AY,"4,638","12,240","16,354","33,232",0.38,0.75,0.565,,,,0,0,0,0,0
35015AY,"42,958","5,759","15,347","64,064",7.46,0.38,3.92,"41,942","21,702","15,861","79,504",0.52,0.73,0.625,1.24
36003AY,,,"3,043","3,043",0,0,0,222,,,222,0,0,0,0.07
36005AY,,"18,344","131,011","149,355",0,0.14,0.07,"16,249","41,280","1,859,884","1,917,413",2.54,45.06,23.8,12.84
36006NR,,,,0,0,0,0,,"27,994","15,652","43,646",0,0.56,0.28,0
37008AY,"11,829","3,563",,"15,392",3.32,0,1.66,543,"1,559","1,391","3,493",2.87,0.89,1.88,0.23
37010BS,,,,0,0,0,0,,"3,599",,"3,599",0,0,0,0
37012AY,,,"10,129","10,129",0,0,0,,741,"5,671","6,412",0,7.66,3.83,0.63
37013AY,"31,176","26,399","37,164","94,739",1.18,0.71,0.945,"24,719","7,149",970,"32,839",0.29,0.14,0.215,0.35
37014NS,140,,,140,0,0,0,841,,,841,0,0,0,6.01
37023AY,"66,799","48,881","34,518","150,198",1.37,1.42,1.395,"46,645","41,866","60,692","149,203",0.9,1.45,1.175,0.99
38001PC,,721,,721,0,0,0,,,,0,0,0,0,0
38002AY,"437,296","175,249","381,734","994,279",2.5,0.46,1.48,"9,068","41,215","74,953","125,236",4.55,1.82,3.185,0.13
38002BS,,,,0,0,0,0,,,,0,0,0,0,0
38004BS,,,,0,0,0,0,,"3,363",,"3,363",0,0,0,0
38006AY,"93,271","64,621","52,236","210,128",1.44,1.24,1.34,"57,205","66,047","61,738","184,990",1.15,0.93,1.04,0.88
38008AY,"6,123","8,264",,"14,387",0.74,0,0.37,"24,897","11,776",,"36,673",0.47,0,0.235,2.55
38013AY,"61,092","48,632","18,000","127,724",1.26,2.7,1.98,"34,204","22,061","30,929","87,193",0.64,1.4,1.02,0.68
40002SB,,"5,873","6,645","12,518",0,0.88,0.44,,,,0,0,0,0,0
40005AY,"3,756","17,285",994,"22,035",0.22,17.39,8.805,"2,793",481,"2,809","6,083",0.17,5.84,3.005,0.28
40009BS,,,,0,0,0,0,260,,,260,0,0,0,0
40011AY,"33,923",,,"33,923",0,0,0,"46,611","22,656","35,106","104,373",0.49,1.55,1.02,3.08
40025AY,"228,582","38,968","135,817","403,367",5.87,0.29,3.08,"182,802","224,606","308,765","716,174",1.23,1.37,1.3,1.78
40026AY,"72,303","41,350","88,446","202,099",1.75,0.47,1.11,"71,350","100,632","90,817","262,799",1.41,0.9,1.155,1.3
40029AY,"123,104","55,667","78,904","257,675",2.21,0.71,1.46,"55,150","131,099","154,349","340,598",2.38,1.18,1.78,1.32
40030AY,,,,0,0,0,0,,,,0,0,0,0,0
40031BS,,,,0,0,0,0,,"1,503",144,"1,647",0,0.1,0.05,0
40032AY,"7,635","27,191","15,138","49,964",0.28,1.8,1.04,"18,979","3,269","7,707","29,955",0.17,2.36,1.265,0.6
40035AY,"33,461",765,"1,682","35,908",43.74,0.45,22.095,"19,153",,"5,629","24,782",0,0,0,0.69
40037BS,,373,,373,0,0,0,164,,,164,0,0,0,0.44
40039AY,"184,385","42,876","92,013","319,274",4.3,0.47,2.385,"260,810","145,007","180,261","586,079",0.56,1.24,0.9,1.84
40040AY,,,"10,066","10,066",0,0,0,"2,871","5,370","3,976","12,216",1.87,0.74,1.305,1.21
40043AY,,,,0,0,0,0,,,,0,0,0,0,0
40044AY,,,,0,0,0,0,,680,,680,0,0,0,0
40053AY,"25,099","20,794","7,075","52,968",1.21,2.94,2.075,"18,654","15,738","14,398","48,791",0.84,0.91,0.875,0.92
40058AY,"2,724",,"4,507","7,231",0,0,0,,,,0,0,0,0,0
40060AY,,,,0,0,0,0,,327,162,489,0,0.49,0.245,0
40068AY,"23,126","83,855","104,895","211,876",0.28,0.8,0.54,"118,230",,,"118,230",0,0,0,0.56
40073AY,,,342,342,0,0,0,886,0,443,"1,329",0,0,0,3.89
40077AY,"18,545",130,,"18,675",142.65,0,71.325,"25,302","2,761",392,"28,455",0.11,0.14,0.125,1.52
40080AY,"3,463",155,,"3,618",22.34,0,11.17,220,,205,424,0,0,0,0.12
40083AY,"1,185",,"2,468","3,653",0,0,0,,"5,043","1,420","6,463",0,0.28,0.14,1.77
40088AY,,,204,204,0,0,0,,,"1,361","1,361",0,0,0,6.67
40091AY,"5,304","4,257","1,253","10,814",1.25,3.4,2.325,,,"6,231","6,231",0,0,0,0.58
40093AY,"14,523","47,977","7,275","69,775",0.3,6.59,3.445,"8,051","3,044",,"11,096",0.38,0,0.19,0.16
40095AY,"7,097",,,"7,097",0,0,0,321,,,321,0,0,0,0.05
40097AY,"2,804","8,821","3,424","15,049",0.32,2.58,1.45,"8,388",,,"8,388",0,0,0,0.56
40312TP,"6,912","7,187","4,757","18,856",0.96,1.51,1.235,284,"6,791","6,067","13,142",23.94,0.89,12.415,0.7
40315TS,"21,679","18,470","38,225","78,374",1.17,0.48,0.825,"1,068","2,280",,"3,348",2.14,0,1.07,0.04
40367TP,,,"1,972","1,972",0,0,0,,,,0,0,0,0,0
43003AY,"69,130","141,352","119,890","330,372",0.49,1.18,0.835,"97,761","61,051","123,357","282,170",0.62,2.02,1.32,0.85
43006AY,"14,795","7,924","7,442","30,161",1.87,1.06,1.465,"1,946","4,968","3,727","10,641",2.55,0.75,1.65,0.35
43018RY,"24,430","27,807",,"52,237",0.88,0,0.44,,,"3,704","3,704",0,0,0,0.07
43019AY,"318,186","170,402","213,226","701,814",1.87,0.8,1.335,"196,881","191,369","135,676","523,926",0.97,0.71,0.84,0.75
43020AY,"62,879","10,569","188,183","261,631",5.95,0.06,3.005,"71,193","18,487","66,180","155,860",0.26,3.58,1.92,0.6
43021AY,"13,862","23,533","13,460","50,855",0.59,1.75,1.17,"13,305","20,786","18,610","52,701",1.56,0.9,1.23,1.04
43022AY,"12,064","13,755","3,912","29,731",0.88,3.52,2.2,"8,922","9,127",,"18,050",1.02,0,0.51,0.61
43023AY,,"2,224",,"2,224",0,0,0,,"2,215",,"2,215",0,0,0,1
43025AY,,,,0,0,0,0,,,"2,514","2,514",0,0,0,0
43027AY,"19,013","4,171","2,314","25,498",4.56,1.8,3.18,"13,875","1,290","10,951","26,116",0.09,8.49,4.29,1.02
43033AY,"93,374","61,084","617,818","772,276",1.53,0.1,0.815,"152,447","645,486","599,489","1,397,422",4.23,0.93,2.58,1.81
43043AY,958,,,958,0,0,0,,,366,366,0,0,0,0.38
43063AY,,,,0,0,0,0,"8,897","1,294",,"10,192",0.15,0,0.075,0
43064AY,,,,0,0,0,0,"8,846","4,736","18,294","31,876",0.54,3.86,2.2,0
43067AY,"64,551","25,938","57,731","148,220",2.49,0.45,1.47,"95,879","95,253","40,731","231,862",0.99,0.43,0.71,1.56
43068AY,,,,0,0,0,0,,551,,551,0,0,0,0
43069AY,"113,880","143,044","105,900","362,824",0.8,1.35,1.075,"110,001","150,994","166,019","427,015",1.37,1.1,1.235,1.18
43089TR,,,,0,0,0,0,950,"4,313",,"5,262",4.54,0,2.27,0
43310TP,,,,0,0,0,0,,,,0,0,0,0,0
43410TJ,,,,0,0,0,0,,,"5,907","5,907",0,0,0,0
43519TS,,,,0,0,0,0,,,,0,0,0,0,0
44001AY,,,,0,0,0,0,,93,,93,0,0,0,0
44001NR,,,"14,465","14,465",0,0,0,"3,503",,,"3,503",0,0,0,0.24
44010TN,,,,0,0,0,0,,378,,378,0,0,0,0
6706003HY,"3,996","16,257","7,909","28,162",0.25,2.06,1.155,"9,362","125,097","527,771","662,230",13.36,4.22,8.79,23.52
6706006PL,,639,493,"1,132",0,1.3,0.65,,,,0,0,0,0,0
6706008SB,,,,0,0,0,0,,,,0,0,0,0,0
6706009AY,,,,0,0,0,0,,,,0,0,0,0,0
6706009NR,,,,0,0,0,0,,"39,196","16,078","55,274",0,0.41,0.205,0
6706010AY,"1,742",,"12,362","14,104",0,0,0,"17,031","5,857","1,856","24,743",0.34,0.32,0.33,1.75
6706011AY,,,,0,0,0,0,,,"1,705","1,705",0,0,0,0
6706012AY,"26,774","22,910","18,700","68,384",1.17,1.23,1.2,"20,437","10,488","23,769","54,694",0.51,2.27,1.39,0.8
6706013AY,,,,0,0,0,0,,,,0,0,0,0,0
6706014AY,"6,141",,,"6,141",0,0,0,,,"1,452","1,452",0,0,0,0.24
6706018AY,"20,260","13,102","16,212","49,574",1.55,0.81,1.18,"26,819","34,049","16,828","77,696",1.27,0.49,0.88,1.57
6706018BS,,,"31,890","31,890",0,0,0,"29,487","25,223","4,532","59,242",0.86,0.18,0.52,1.86
6706021AY,,,816,816,0,0,0,,,682,682,0,0,0,0.84
6706022AY,,,,0,0,0,0,,,,0,0,0,0,0
6706023AY,,,,0,0,0,0,,973,,973,0,0,0,0
6706023KK,"1,376",,,"1,376",0,0,0,,,,0,0,0,0,0
6706026AY,475,,"9,687","10,162",0,0,0,,,,0,0,0,0,0
6706027BS,,,,0,0,0,0,,"2,671",,"2,671",0,0,0,0
6706030AY,,,239,239,0,0,0,,,,0,0,0,0,0
6706031AY,,,"1,645","1,645",0,0,0,"10,359","1,465",,"11,824",0.14,0,0.07,7.19
6706031BS,"4,741","3,914","1,556","10,211",1.21,2.52,1.865,597,"14,445","2,025","17,067",24.19,0.14,12.165,1.67
6706032BS,"5,613","3,116",,"8,729",1.8,0,0.9,,,,0,0,0,0,0
6706038AY,"82,904","129,518","143,776","356,198",0.64,0.9,0.77,"35,493","13,301","33,610","82,403",0.37,2.53,1.45,0.23
6706041AY,,,,0,0,0,0,,,"2,536","2,536",0,0,0,0
6706041TL,,,,0,0,0,0,,,,0,0,0,0,0
6706044AY,695,"1,391",,"2,086",0.5,0,0.25,654,"1,391",,"2,045",2.13,0,1.065,0.98
6706045AY,"3,965","1,017",622,"5,604",3.9,1.64,2.77,"4,195",,,"4,195",0,0,0,0.75
6706046AY,"9,214","14,696","9,363","33,273",0.63,1.57,1.1,"1,902","6,059","4,483","12,445",3.19,0.74,1.965,0.37
6706048AY,,"20,224","18,395","38,619",0,1.1,0.55,"14,579",,"12,277","26,856",0,0,0,0.7
6706051AY,,,,0,0,0,0,,,,0,0,0,0,0
6706053AY,,,"9,195","9,195",0,0,0,"1,334",,"1,848","3,182",0,0,0,0.35
6706057AY,,,,0,0,0,0,,,385,385,0,0,0,0
6706058SB,"1,121","42,963","16,531","60,615",0.03,2.6,1.315,"15,806","3,763","48,639","68,209",0.24,12.92,6.58,1.13
6706059AY,"2,052",,463,"2,515",0,0,0,,529,,529,0,0,0,0.21
6706059NR,,"9,631","4,512","14,143",0,2.13,1.065,505,,,505,0,0,0,0.04
6706060AY,"1,156",,,"1,156",0,0,0,,,,0,0,0,0,0
6706062AY,"8,425","2,378","31,689","42,492",3.54,0.08,1.81,"148,593","26,770","32,434","207,797",0.18,1.21,0.695,4.89
6706063AY,,,,0,0,0,0,"9,158","21,255",,"30,413",2.32,0,1.16,0
6706064AY,,,"1,189","1,189",0,0,0,"3,638",704,,"4,342",0.19,0,0.095,3.65
6706065AY,804,"1,673","10,968","13,445",0.48,0.15,0.315,,394,678,"1,072",0,1.72,0.86,0.08
6706066SB,,,,0,0,0,0,,,"2,182","2,182",0,0,0,0
6706067AY,,,,0,0,0,0,"2,860",,,"2,860",0,0,0,0
6706067NS,"28,195",,,"28,195",0,0,0,,,,0,0,0,0,0
6706068AY,,,306,306,0,0,0,,,,0,0,0,0,0
6706068BS,,,,0,0,0,0,,553,,553,0,0,0,0
6706072AY,,,,0,0,0,0,,,,0,0,0,0,0
6706073AY,"14,654",,,"14,654",0,0,0,,,"1,385","1,385",0,0,0,0.09
6706075AY,,,,0,0,0,0,,776,,776,0,0,0,0
6706076AY,"10,658","16,848","2,946","30,452",0.63,5.72,3.175,,,,0,0,0,0,0
6706077AY,916,,"25,613","26,529",0,0,0,"44,714","1,426","1,093","47,234",0.03,0.77,0.4,1.78
6706078AY,"2,226",,"1,308","3,534",0,0,0,,,,0,0,0,0,0
6706079AY,,,,0,0,0,0,,,"2,799","2,799",0,0,0,0
6706081AY,"46,716","3,867","4,152","54,735",12.08,0.93,6.505,"18,797","19,731",,"38,528",1.05,0,0.525,0.7
6706084AY,"3,014",,,"3,014",0,0,0,,"2,920",,"2,920",0,0,0,0.97
6706085AY,628,"1,995","3,168","5,791",0.31,0.63,0.47,329,"2,563",201,"3,093",7.79,0.08,3.935,0.53
6706087AY,"6,935",,,"6,935",0,0,0,,,,0,0,0,0,0
6706088BS,,,,0,0,0,0,,,654,654,0,0,0,0
6706089AY,"25,807","22,409","27,715","75,931",1.15,0.81,0.98,"41,832",,,"41,832",0,0,0,0.55
6706090AY,"35,227","10,894","41,951","88,072",3.23,0.26,1.745,,"6,015",,"6,015",0,0,0,0.07
6706090NS,,,,0,0,0,0,"38,750","75,131","29,163","143,044",1.94,0.39,1.165,0
6706091AY,,"13,886","8,412","22,298",0,1.65,0.825,"11,647","35,160","31,500","78,306",3.02,0.9,1.96,3.51
6706094AY,"19,471",,"28,623","48,094",0,0,0,"28,344","42,905",,"71,249",1.51,0,0.755,1.48
6706094SB,,"7,160",,"7,160",0,0,0,,,,0,0,0,0,0
6706096AY,"1,068",,"2,380","3,448",0,0,0,917,391,,"1,307",0.43,0,0.215,0.38
6706097SB,,,"3,036","3,036",0,0,0,,,,0,0,0,0,0
6706100AY,,,,0,0,0,0,,,,0,0,0,0,0
6706101AY,,,,0,0,0,0,,,,0,0,0,0,0
6706102AY,,"1,676","6,897","8,573",0,0.24,0.12,"10,028",,,"10,028",0,0,0,1.17
6706104AY,,,"2,190","2,190",0,0,0,,"1,004",,"1,004",0,0,0,0.46
6706105AY,,,,0,0,0,0,,,224,224,0,0,0,0
6706109AY,"17,042","16,218","1,919","35,179",1.05,8.45,4.75,"7,244","38,287","23,051","68,582",5.29,0.6,2.945,1.95
6706110AY,"6,482","2,123","2,671","11,276",3.05,0.79,1.92,842,"9,316","1,354","11,512",11.07,0.15,5.61,1.02
6706110NS,,,,0,0,0,0,,,"13,191","13,191",0,0,0,0
6706111AY,,,"2,172","2,172",0,0,0,,,16,16,0,0,0,0.01
6706111KK,"5,121",,,"5,121",0,0,0,,,,0,0,0,0,0
6706113AY,,62,,62,0,0,0,,,,0,0,0,0,0
6706117AY,,,,0,0,0,0,,,,0,0,0,0,0
6706119AY,,,"1,920","1,920",0,0,0,,,,0,0,0,0,0
6706121AY,,"2,048",,"2,048",0,0,0,,,,0,0,0,0,0
6706122AY,,,,0,0,0,0,"1,950","3,991","6,454","12,395",2.05,1.62,1.835,0
6706130RY,,,,0,0,0,0,,,,0,0,0,0,0
6706133AY,"3,887","3,949",,"7,836",0.98,0,0.49,,,,0,0,0,0,0
6706134AY,"7,433",813,"4,261","12,507",9.14,0.19,4.665,543,"3,007","2,422","5,972",5.54,0.81,3.175,0.48
6706135AY,,,,0,0,0,0,262,,,262,0,0,0,0
6706140AY,"3,713","2,107","9,916","15,736",1.76,0.21,0.985,"1,888",,,"1,888",0,0,0,0.12
6706141AY,,,91,91,0,0,0,,,,0,0,0,0,0
6706144AY,,,,0,0,0,0,,"7,918",,"7,918",0,0,0,0
6706146AY,606,,"4,427","5,033",0,0,0,"1,701",,"1,993","3,694",0,0,0,0.73
6706148AY,"14,690","7,611","1,058","23,359",1.93,7.19,4.56,,168,917,"1,085",0,5.45,2.725,0.05
6706149AY,,"2,323","2,620","4,943",0,0.89,0.445,,"2,243","5,012","7,255",0,2.23,1.115,1.47
6706152AY,,,,0,0,0,0,,,,0,0,0,0,0
6706153AY,,,,0,0,0,0,"9,508",,,"9,508",0,0,0,0
6706155AY,,,,0,0,0,0,738,,"2,748","3,486",0,0,0,0
6706156AY,,"1,712",,"1,712",0,0,0,,,,0,0,0,0,0
6706160AY,,,,0,0,0,0,,"1,359",,"1,359",0,0,0,0
6706161AY,"1,587",397,854,"2,838",4,0.46,2.23,90,"2,214",,"2,304",24.68,0,12.34,0.81
6706164AY,,,,0,0,0,0,"1,600",,,"1,600",0,0,0,0
6706166AY,"1,497","19,766",,"21,263",0.08,0,0.04,,,,0,0,0,0,0
6706169AY,,"2,581",,"2,581",0,0,0,,,,0,0,0,0,0
6706171AY,"16,621",,"19,219","35,840",0,0,0,"29,340","14,132","15,389","58,861",0.48,1.09,0.785,1.64
6706172AY,"1,121",,"1,495","2,616",0,0,0,"2,243","3,376",374,"5,993",1.51,0.11,0.81,2.29
6706173AY,,,,0,0,0,0,"4,993",,,"4,993",0,0,0,0
6706175AY,,,,0,0,0,0,,,511,511,0,0,0,0
6706176AY,,262,,262,0,0,0,,"9,514",,"9,514",0,0,0,36.31
6706180AY,666,"12,505",,"13,171",0.05,0,0.025,,"3,404",,"3,404",0,0,0,0.26
6706186AY,,,678,678,0,0,0,,,,0,0,0,0,0
6706187AY,,,"2,207","2,207",0,0,0,98,407,"1,950","2,455",4.14,4.8,4.47,1.11
6706191AY,,,,0,0,0,0,"1,014",,,"1,014",0,0,0,0
6706193AY,,,,0,0,0,0,,,,0,0,0,0,0
6706197AY,"1,924","2,047",,"3,971",0.94,0,0.47,,"4,281",,"4,281",0,0,0,1.08
6706199TR,,,,0,0,0,0,,"8,602",,"8,602",0,0,0,0
6706203AY,,,,0,0,0,0,,533,,533,0,0,0,0
6706208AY,,,,0,0,0,0,,,,0,0,0,0,0
6706209AY,,,,0,0,0,0,674,,,674,0,0,0,0
6706211TS,"2,632",,,"2,632",0,0,0,,,,0,0,0,0,0
6706212AY,486,,,486,0,0,0,,,,0,0,0,0,0
6706216AY,,,,0,0,0,0,443,,,443,0,0,0,0
6706219AY,"1,014","1,014",,"2,028",1,0,0.5,,"1,014","2,028","3,042",0,2,1,1.5
6706221AY,"1,765",,,"1,765",0,0,0,550,,,550,0,0,0,0.31
6706222AY,,"7,812",123,"7,935",0,63.51,31.755,"5,946","2,764",326,"9,036",0.46,0.12,0.29,1.14
6706224AY,,"2,894","4,698","7,592",0,0.62,0.31,213,736,"2,213","3,162",3.45,3.01,3.23,0.42
6706225AY,"1,400",,308,"1,708",0,0,0,,48,426,474,0,8.85,4.425,0.28
6706226AY,,"3,412",,"3,412",0,0,0,,,,0,0,0,0,0
6706228AY,,,,0,0,0,0,,,"1,873","1,873",0,0,0,0
6706231AY,,,"4,457","4,457",0,0,0,885,963,,"1,848",1.09,0,0.545,0.41
6706232AY,"22,762","1,342","3,381","27,485",16.96,0.4,8.68,"5,286","51,265","10,348","66,899",9.7,0.2,4.95,2.43
6706233AY,286,591,,877,0.48,0,0.24,,,,0,0,0,0,0
6706235AY,"31,191","6,170","14,075","51,436",5.06,0.44,2.75,,"39,142",210,"39,353",0,0.01,0.005,0.77
6706268TS,,,"3,340","3,340",0,0,0,,,,0,0,0,0,0
6707003AY,,,,0,0,0,0,,,321,321,0,0,0,0
6707007AY,"11,497","4,212","8,834","24,543",2.73,0.48,1.605,"13,936","8,266","5,073","27,274",0.59,0.61,0.6,1.11
6707010AY,,,,0,0,0,0,,,,0,0,0,0,0
6707013AY,"10,046",,"10,691","20,737",0,0,0,"11,484","11,693",,"23,178",1.02,0,0.51,1.12
6707013NS,,,,0,0,0,0,,,,0,0,0,0,0
6707014AY,,,,0,0,0,0,,,450,450,0,0,0,0
6707014SB,,,,0,0,0,0,"1,318","3,621","6,217","11,155",2.75,1.72,2.235,0
6707015AY,,,,0,0,0,0,,,,0,0,0,0,0
6707016AY,,,,0,0,0,0,,,,0,0,0,0,0
6707017AY,,,513,513,0,0,0,,,"1,144","1,144",0,0,0,2.23
6707019AY,,"2,441",,"2,441",0,0,0,,,,0,0,0,0,0
6707019BS,,,,0,0,0,0,643,,,643,0,0,0,0
6707020AY,,,"10,811","10,811",0,0,0,,,,0,0,0,0,0
6707022AY,,,,0,0,0,0,,,,0,0,0,0,0
6707023AY,645,,,645,0,0,0,,,,0,0,0,0,0
6707027AY,630,"1,817",,"2,447",0.35,0,0.175,,,679,679,0,0,0,0.28
6707029AY,,,,0,0,0,0,,,,0,0,0,0,0
6707030RY,,,,0,0,0,0,,,"1,054","1,054",0,0,0,0
6707032AY,,,,0,0,0,0,"5,446",,,"5,446",0,0,0,0
6707033AY,,299,,299,0,0,0,,,,0,0,0,0,0
6707033TS,"7,909",,,"7,909",0,0,0,,,,0,0,0,0,0
6707034AY,,,,0,0,0,0,"1,817",,,"1,817",0,0,0,0
6707035BS,"1,543",,,"1,543",0,0,0,,"7,084",,"7,084",0,0,0,4.59
6707036NS,,,"1,391","1,391",0,0,0,,,,0,0,0,0,0
6707039AY,"3,237",,"14,800","18,037",0,0,0,,,,0,0,0,0,0
6707040NS,572,,,572,0,0,0,,,,0,0,0,0,0
6707041SK,,"5,226",,"5,226",0,0,0,,,,0,0,0,0,0
6707042AY,,,,0,0,0,0,,,,0,0,0,0,0
6707044AY,,,,0,0,0,0,,,224,224,0,0,0,0
6707045RB,,,,0,0,0,0,,"34,629","3,412","38,040",0,0.1,0.05,0
6707047CB,"21,669",,,"21,669",0,0,0,,,,0,0,0,0,0
6707053AY,"7,753",250,,"8,003",31.01,0,15.505,,,,0,0,0,0,0
6707054SB,,,,0,0,0,0,,,"7,461","7,461",0,0,0,0
6707057AY,"6,290","3,969","3,009","13,268",1.58,1.32,1.45,,"3,879","2,672","6,551",0,0.69,0.345,0.49
6707058AY,,,"3,685","3,685",0,0,0,,,,0,0,0,0,0
6707061AY,411,,,411,0,0,0,,,,0,0,0,0,0
6707067AY,"31,085","11,276","6,184","48,545",2.76,1.82,2.29,"64,693",,,"64,693",0,0,0,1.33
6707068AY,,,"12,761","12,761",0,0,0,,,,0,0,0,0,0
6707069AY,,,"2,646","2,646",0,0,0,"5,490",,"1,233","6,724",0,0,0,2.54
6707070AY,,,,0,0,0,0,,,"26,800","26,800",0,0,0,0
6707072AY,"4,432","4,883",,"9,315",0.91,0,0.455,"8,790",,"5,860","14,650",0,0,0,1.57
6707073AY,,,,0,0,0,0,,,,0,0,0,0,0
6707075AY,,,"1,470","1,470",0,0,0,"1,014",862,"1,014","2,890",0.85,1.18,1.015,1.97
6707077AY,235,,,235,0,0,0,,,126,126,0,0,0,0.54
6707079AY,"5,664","5,898","10,617","22,179",0.96,0.56,0.76,,"2,472",,"2,472",0,0,0,0.11
6707090AY,,,,0,0,0,0,"2,670","1,825",,"4,496",0.68,0,0.34,0
6707093AY,,,,0,0,0,0,,,,0,0,0,0,0
6707094AY,"11,718","11,573","7,304","30,595",1.01,1.58,1.295,"11,733","7,516",,"19,248",0.64,0,0.32,0.63
6707095AY,,,,0,0,0,0,,897,645,"1,542",0,0.72,0.36,0
6707098AY,414,,,414,0,0,0,,,,0,0,0,0,0
6707104AY,,,,0,0,0,0,817,,"3,206","4,023",0,0,0,0
6707105AY,,"33,447","20,022","53,469",0,1.67,0.835,,,,0,0,0,0,0
6707106AY,,,,0,0,0,0,,,,0,0,0,0,0
6707107AY,,,"3,009","3,009",0,0,0,,,,0,0,0,0,0
6707110AY,"7,711",,"8,005","15,716",0,0,0,62,"1,172","1,995","3,229",19,1.7,10.35,0.21
6707111AY,,,,0,0,0,0,"5,020","6,433","5,431","16,884",1.28,0.84,1.06,0
6707117AY,,206,,206,0,0,0,,,,0,0,0,0,0
6707118AY,,,"6,641","6,641",0,0,0,,,,0,0,0,0,0
6707122AY,,,,0,0,0,0,,,,0,0,0,0,0
6707125AY,,,"11,963","11,963",0,0,0,,"7,009",,"7,009",0,0,0,0.59
6707128AY,508,,,508,0,0,0,,"1,850",,"1,850",0,0,0,3.64
6707131AY,"4,448","1,378","6,845","12,671",3.23,0.2,1.715,,"10,071","13,725","23,795",0,1.36,0.68,1.88
6707132AY,916,"1,002",458,"2,376",0.91,2.19,1.55,,533,,533,0,0,0,0.22
6707135AY,435,"6,401","5,708","12,544",0.07,1.12,0.595,636,"1,660",979,"3,275",2.61,0.59,1.6,0.26
6707136TS,,,,0,0,0,0,,887,,887,0,0,0,0
6707139AY,"2,527",,,"2,527",0,0,0,,"2,129","1,069","3,198",0,0.5,0.25,1.27
6707141AY,,,,0,0,0,0,,"6,499",,"6,499",0,0,0,0
6707142AY,221,,,221,0,0,0,"1,406",,,"1,406",0,0,0,6.36
6707144AY,,,,0,0,0,0,341,,,341,0,0,0,0
6707195TS,,,,0,0,0,0,,,,0,0,0,0,0
6708006AY,,,,0,0,0,0,,,,0,0,0,0,0
6708007AY,"3,477","6,393","6,953","16,823",0.54,0.92,0.73,,"6,953","3,589","10,542",0,0.52,0.26,0.63
6708008AY,"1,964","8,358","4,740","15,062",0.23,1.76,0.995,"9,278","3,563","7,016","19,857",0.38,1.97,1.175,1.32
6708008BS,,,"7,541","7,541",0,0,0,"7,347",,,"7,347",0,0,0,0.97
6708010NR,"1,113",,,"1,113",0,0,0,,,,0,0,0,0,0
6708013AY,,"2,005",,"2,005",0,0,0,,"10,303",,"10,303",0,0,0,5.14
6708013HY,,,,0,0,0,0,813,,,813,0,0,0,0
6708015AY,,,,0,0,0,0,,,,0,0,0,0,0
6708018AY,,,,0,0,0,0,"15,206",,,"15,206",0,0,0,0
6708024AY,,,437,437,0,0,0,,,,0,0,0,0,0
6708027UD,,,,0,0,0,0,,,,0,0,0,0,0
6708029AY,,,,0,0,0,0,757,,,757,0,0,0,0
6708032AY,"1,808","2,299",,"4,107",0.79,0,0.395,364,,,364,0,0,0,0.09
6708033AY,,,,0,0,0,0,,,120,120,0,0,0,0
6708039AY,"5,397",,"1,474","6,871",0,0,0,,"1,911",,"1,911",0,0,0,0.28
6708040AY,945,,,945,0,0,0,,,,0,0,0,0,0
6708044AY,,,421,421,0,0,0,,,,0,0,0,0,0
6708045AY,112,,"2,383","2,495",0,0,0,"1,840",,,"1,840",0,0,0,0.74
6708046CB,"10,224",,"6,944","17,168",0,0,0,,,,0,0,0,0,0
6708050AY,,,"14,215","14,215",0,0,0,,,,0,0,0,0,0
6708054AY,,"5,720",,"5,720",0,0,0,,,,0,0,0,0,0
6708061AY,"3,407",,,"3,407",0,0,0,,,,0,0,0,0,0
6708061NR,,,,0,0,0,0,,,"6,011","6,011",0,0,0,0
6708064AY,,840,,840,0,0,0,,,,0,0,0,0,0
6708064SB,,,"12,466","12,466",0,0,0,,,,0,0,0,0,0
6708068RB,,,,0,0,0,0,,,"32,411","32,411",0,0,0,0
6708071AY,,,,0,0,0,0,,,"1,023","1,023",0,0,0,0
6708074AY,"2,388",,,"2,388",0,0,0,,"5,932","2,208","8,140",0,0.37,0.185,3.41
6708076AY,,,,0,0,0,0,,143,,143,0,0,0,0
6708077AY,,,,0,0,0,0,,,,0,0,0,0,0
6708084AY,,,,0,0,0,0,,,679,679,0,0,0,0
6708086AY,,,,0,0,0,0,613,,,613,0,0,0,0
6708087AY,892,720,,"1,612",1.24,0,0.62,,,,0,0,0,0,0
6708087TS,,,,0,0,0,0,"2,344","2,545",,"4,889",1.09,0,0.545,0
6708089AY,,,,0,0,0,0,,,474,474,0,0,0,0
6708091AY,,,,0,0,0,0,311,,,311,0,0,0,0
6708094AY,,,,0,0,0,0,"11,907",,,"11,907",0,0,0,0
6708104AY,,,,0,0,0,0,"4,927","1,019","6,203","12,149",0.21,6.09,3.15,0
6708107AY,,,,0,0,0,0,,"3,761",,"3,761",0,0,0,0
6708113AY,"16,280","6,513",,"22,793",2.5,0,1.25,,,,0,0,0,0,0
6708115AY,"4,972","10,242",,"15,214",0.49,0,0.245,"15,169","9,444","3,383","27,996",0.62,0.36,0.49,1.84
6708120AY,,,,0,0,0,0,,"10,770","36,021","46,791",0,3.34,1.67,0
6708122AY,,,,0,0,0,0,"3,626","3,009",,"6,634",0.83,0,0.415,0
6708123AY,,"1,645",,"1,645",0,0,0,,381,,381,0,0,0,0.23
6708124AY,"3,534","1,292",,"4,826",2.74,0,1.37,"6,877","6,970","3,032","16,879",1.01,0.44,0.725,3.5
6708126AY,,,,0,0,0,0,,"5,132","1,483","6,615",0,0.29,0.145,0
6708129AY,561,"2,295","2,300","5,156",0.24,1,0.62,"11,486","7,112","7,430","26,028",0.62,1.04,0.83,5.05
6708130AY,,,,0,0,0,0,,,897,897,0,0,0,0
6708142AY,,,,0,0,0,0,,,,0,0,0,0,0
6709004AY,,,,0,0,0,0,,,,0,0,0,0,0
6709006AY,"15,377","5,138","6,324","26,839",2.99,0.81,1.9,,"6,204",,"6,204",0,0,0,0.23
6709006BS,,"8,415","22,603","31,018",0,0.37,0.185,"4,442",,"2,979","7,421",0,0,0,0.24
6709008RY,,,,0,0,0,0,,187,,187,0,0,0,0
6709010AY,"15,487",,,"15,487",0,0,0,,,,0,0,0,0,0
6709018SB,,,,0,0,0,0,,,,0,0,0,0,0
6709019AY,,,,0,0,0,0,,,,0,0,0,0,0
6709020AY,152,194,,346,0.78,0,0.39,,,,0,0,0,0,0
6709021AY,,,,0,0,0,0,,,"24,067","24,067",0,0,0,0
6709022AY,,,,0,0,0,0,,,723,723,0,0,0,0
6709024AY,,,,0,0,0,0,,,,0,0,0,0,0
6709025AY,,,,0,0,0,0,,"1,355",,"1,355",0,0,0,0
6709026AY,"4,982",350,"18,081","23,413",14.23,0.02,7.125,"1,354",,"9,003","10,358",0,0,0,0.44
6709030AY,,,,0,0,0,0,,540,,540,0,0,0,0
6709032AY,901,,283,"1,184",0,0,0,,,,0,0,0,0,0
6709044AY,687,"6,228",,"6,915",0.11,0,0.055,,,,0,0,0,0,0
6709048CB,,,,0,0,0,0,,,"23,321","23,321",0,0,0,0
6709050AY,391,,,391,0,0,0,,,,0,0,0,0,0
6709051AY,,,,0,0,0,0,,,"1,031","1,031",0,0,0,0
6709052AY,,,,0,0,0,0,251,,,251,0,0,0,0
6709053AY,771,,,771,0,0,0,,,,0,0,0,0,0
6709056AY,,,,0,0,0,0,"2,708",,,"2,708",0,0,0,0
6709056NS,,,,0,0,0,0,,,,0,0,0,0,0
6709057AY,,,735,735,0,0,0,,,,0,0,0,0,0
6709061AY,626,364,,990,1.72,0,0.86,,,,0,0,0,0,0
6709063AY,"7,956",,,"7,956",0,0,0,,,"1,327","1,327",0,0,0,0.17
6709069AY,,,,0,0,0,0,,"3,720",,"3,720",0,0,0,0
6709073AY,,,,0,0,0,0,,,,0,0,0,0,0
6709076AY,,,"1,963","1,963",0,0,0,,,,0,0,0,0,0
6709080AY,,,,0,0,0,0,,,"2,209","2,209",0,0,0,0
6709092AY,,,,0,0,0,0,,,,0,0,0,0,0
6710004AY,,,,0,0,0,0,,,,0,0,0,0,0
6710004SB,,,,0,0,0,0,,,939,939,0,0,0,0
6710005AY,"1,105",,,"1,105",0,0,0,,,,0,0,0,0,0
6710010AY,,,,0,0,0,0,,,,0,0,0,0,0
6710011AY,,,"2,736","2,736",0,0,0,,,,0,0,0,0,0
6710012AY,"11,784",,,"11,784",0,0,0,"6,619",,,"6,619",0,0,0,0.56
6710014AY,,,,0,0,0,0,,,813,813,0,0,0,0
6710020AY,,,,0,0,0,0,,,"10,752","10,752",0,0,0,0
6710021CB,,,,0,0,0,0,"9,744","48,105","25,760","83,609",4.94,0.54,2.74,0
6710021TS,,,"8,641","8,641",0,0,0,,,,0,0,0,0,0
6710022AY,,,,0,0,0,0,,,,0,0,0,0,0
6710028AY,,,,0,0,0,0,486,,,486,0,0,0,0
6710032AY,,,,0,0,0,0,,,,0,0,0,0,0
6710036AY,695,"2,086",,"2,781",0.33,0,0.165,,"1,308","2,617","3,925",0,2,1,1.41
6710037AY,,,,0,0,0,0,,,,0,0,0,0,0
6710038AY,,,,0,0,0,0,,,,0,0,0,0,0
6710039AY,,,,0,0,0,0,,,,0,0,0,0,0
6710042AY,"2,164","2,342","2,756","7,262",0.92,0.85,0.885,,,,0,0,0,0,0
6710043AY,,,,0,0,0,0,,,"2,310","2,310",0,0,0,0
6710044AY,,,,0,0,0,0,"5,182",,"2,063","7,245",0,0,0,0
6710049AY,,,,0,0,0,0,,,292,292,0,0,0,0
6710049RB,"7,098",,,"7,098",0,0,0,,,,0,0,0,0,0
6710050AY,,,,0,0,0,0,928,,,928,0,0,0,0
6710053AY,,,458,458,0,0,0,,,,0,0,0,0,0
6710055AY,,,,0,0,0,0,,,,0,0,0,0,0
6710056NR,,,,0,0,0,0,"5,081","11,939",,"17,021",2.35,0,1.175,0
6710060AY,,,,0,0,0,0,,,,0,0,0,0,0
6710063AY,,,,0,0,0,0,,,"1,121","1,121",0,0,0,0
6710065AY,,"3,124","4,685","7,809",0,0.67,0.335,425,,972,"1,397",0,0,0,0.18
6710069AY,,,509,509,0,0,0,,,"3,858","3,858",0,0,0,7.58
6710070AY,,,,0,0,0,0,,,,0,0,0,0,0
6710072AY,,,793,793,0,0,0,,,,0,0,0,0,0
6710076RY,"2,867",,"4,111","6,978",0,0,0,,,,0,0,0,0,0
6710079AY,407,,,407,0,0,0,,,,0,0,0,0,0
6710082AY,,,"1,822","1,822",0,0,0,"3,563",,,"3,563",0,0,0,1.96
6710083AY,,,,0,0,0,0,"1,884","2,426",822,"5,133",1.29,0.34,0.815,0
6710084AY,,,,0,0,0,0,,"4,532",,"4,532",0,0,0,0
6710086AY,,,,0,0,0,0,,,,0,0,0,0,0
6710088AY,47,,,47,0,0,0,,,,0,0,0,0,0
6710095AY,,"4,898",,"4,898",0,0,0,,,,0,0,0,0,0
6710101AY,,,,0,0,0,0,,,"39,534","39,534",0,0,0,0
6710108AY,,,52,52,0,0,0,,,,0,0,0,0,0
6711003AY,"2,499",,,"2,499",0,0,0,,,,0,0,0,0,0
6711004AY,,,,0,0,0,0,,,,0,0,0,0,0
6711005AY,,,290,290,0,0,0,,,,0,0,0,0,0
6711005UB,,,,0,0,0,0,,,,0,0,0,0,0
6711010AY,"4,860",,,"4,860",0,0,0,,"2,509",,"2,509",0,0,0,0.52
6711012AY,,,,0,0,0,0,,,,0,0,0,0,0
6711013KK,,,,0,0,0,0,,,112,112,0,0,0,0
6711013SK,,,,0,0,0,0,,,415,415,0,0,0,0
6711014AY,,,"17,470","17,470",0,0,0,,,,0,0,0,0,0
6711015AY,,393,,393,0,0,0,"4,643",,,"4,643",0,0,0,11.81
6711019UD,,,,0,0,0,0,,,827,827,0,0,0,0
6711024AY,"2,741",,"6,622","9,363",0,0,0,,838,,838,0,0,0,0.09
6711025AY,826,,827,"1,653",0,0,0,,,,0,0,0,0,0
6711026AY,,,,0,0,0,0,220,,,220,0,0,0,0
6711031AY,,,,0,0,0,0,,,"81,804","81,804",0,0,0,0
6711043AY,,108,,108,0,0,0,,,,0,0,0,0,0
6711046AY,,,,0,0,0,0,,"3,789",,"3,789",0,0,0,0
6711053AY,,,,0,0,0,0,,,,0,0,0,0,0
6711058AY,,416,668,"1,084",0,0.62,0.31,,,"1,121","1,121",0,0,0,1.03
6711065AY,"3,014","6,207","20,972","30,193",0.49,0.3,0.395,"16,347","3,581","12,429","32,357",0.22,3.47,1.845,1.07
6711069AY,,656,"1,182","1,838",0,0.55,0.275,"8,970",632,,"9,603",0.07,0,0.035,5.22
6711072AY,,,,0,0,0,0,,,,0,0,0,0,0
6711074AY,,,,0,0,0,0,,,"1,898","1,898",0,0,0,0
6711075AY,,,,0,0,0,0,,"20,860",461,"21,321",0,0.02,0.01,0
6711076AY,,,,0,0,0,0,669,,,669,0,0,0,0
6711078AY,,,,0,0,0,0,,,,0,0,0,0,0
6711078BS,964,"4,823","1,009","6,796",0.2,4.78,2.49,,,"2,550","2,550",0,0,0,0.38
6711080AY,,,,0,0,0,0,,,246,246,0,0,0,0
6711081AY,"1,720",,,"1,720",0,0,0,,,,0,0,0,0,0
6711082AY,,,,0,0,0,0,,,,0,0,0,0,0
6711084AY,"1,546",,,"1,546",0,0,0,"5,597","1,508",622,"7,728",0.27,0.41,0.34,5
6711085AY,,,"18,150","18,150",0,0,0,,,,0,0,0,0,0
6711089TS,,,,0,0,0,0,,"1,178",,"1,178",0,0,0,0
6712002AY,,,,0,0,0,0,"2,509",,"12,673","15,183",0,0,0,0
6712003AY,"8,158",,,"8,158",0,0,0,,,,0,0,0,0,0
6712005AY,,,"4,592","4,592",0,0,0,,,,0,0,0,0,0
6712006AY,916,,916,"1,832",0,0,0,,,"2,340","2,340",0,0,0,1.28
6712007AY,,,,0,0,0,0,,"6,320",,"6,320",0,0,0,0
6712010AY,,,,0,0,0,0,,,,0,0,0,0,0
6712012AY,,121,,121,0,0,0,740,,,740,0,0,0,6.12
6712012TR,,,,0,0,0,0,,,,0,0,0,0,0
6712015AY,,,,0,0,0,0,,204,,204,0,0,0,0
6712026AY,"1,542",,,"1,542",0,0,0,,,,0,0,0,0,0
6712030CB,,,,0,0,0,0,,,,0,0,0,0,0
6712032AY,,104,,104,0,0,0,,,370,370,0,0,0,3.56
6712034AY,"2,243",,,"2,243",0,0,0,,,,0,0,0,0,0
6712035AY,,,439,439,0,0,0,,,,0,0,0,0,0
6712038AY,,,,0,0,0,0,,,,0,0,0,0,0
6712039AY,"11,270",,,"11,270",0,0,0,,,"22,599","22,599",0,0,0,2.01
6712042AY,"17,018",,"24,453","41,471",0,0,0,"9,772","5,701",474,"15,947",0.58,0.08,0.33,0.38
6712044AY,"2,673","6,277","17,472","26,422",0.43,0.36,0.395,,,"31,542","31,542",0,0,0,1.19
6712050AY,,,,0,0,0,0,,,,0,0,0,0,0
6712050TS,"3,320",,,"3,320",0,0,0,,,,0,0,0,0,0
6712055AY,"1,590","2,238","4,185","8,013",0.71,0.53,0.62,"1,216",,"1,343","2,559",0,0,0,0.32
6712064AY,"11,529","4,100","18,717","34,346",2.81,0.22,1.515,"9,275",,,"9,275",0,0,0,0.27
6712093PK,"57,477",473,,"57,950",121.52,0,60.76,,,,0,0,0,0,0
6801001AY,,,,0,0,0,0,,,,0,0,0,0,0
6801002AY,,407,,407,0,0,0,,,,0,0,0,0,0
6801003AY,,,,0,0,0,0,,,,0,0,0,0,0
6801004AY,,,,0,0,0,0,,,,0,0,0,0,0
6801005AY,,,,0,0,0,0,,,,0,0,0,0,0
6801005TL,"4,501",,,"4,501",0,0,0,,,,0,0,0,0,0
6801006AY,,,,0,0,0,0,,,,0,0,0,0,0
6801007AY,,,,0,0,0,0,,,,0,0,0,0,0
6801008AY,,841,,841,0,0,0,,,,0,0,0,0,0
6801009AY,,,"1,546","1,546",0,0,0,,,,0,0,0,0,0
6801010AY,,,,0,0,0,0,,,,0,0,0,0,0
6801011AY,,,,0,0,0,0,,,,0,0,0,0,0
6801012AY,,,,0,0,0,0,,,,0,0,0,0,0
6801013AY,,,,0,0,0,0,,,,0,0,0,0,0
6801015AY,,,,0,0,0,0,,,,0,0,0,0,0
6801017AY,"1,909",,,"1,909",0,0,0,,91,344,435,0,3.79,1.895,0.23
6801018AY,,"4,897",,"4,897",0,0,0,,,,0,0,0,0,0
6801019AY,,,,0,0,0,0,,,,0,0,0,0,0
6801020AY,,,,0,0,0,0,,,,0,0,0,0,0
6801021AY,,,,0,0,0,0,,,,0,0,0,0,0
6801022AY,,,,0,0,0,0,,,,0,0,0,0,0
6801023AY,,,,0,0,0,0,,,,0,0,0,0,0
6801024AY,,,,0,0,0,0,,,,0,0,0,0,0
6801025AY,,"1,189",,"1,189",0,0,0,,,,0,0,0,0,0
6801025BS,,,,0,0,0,0,,"18,373",,"18,373",0,0,0,0
6801025NS,,,561,561,0,0,0,,,,0,0,0,0,0
6801026AY,,,608,608,0,0,0,,,,0,0,0,0,0
6801027AY,,,,0,0,0,0,,,,0,0,0,0,0
6801028AY,,,,0,0,0,0,,,,0,0,0,0,0
6801029AY,,,"16,334","16,334",0,0,0,,,,0,0,0,0,0
6801030AY,,,,0,0,0,0,,,,0,0,0,0,0
6801031AY,,,,0,0,0,0,,,,0,0,0,0,0
6801032AY,,458,,458,0,0,0,,,,0,0,0,0,0
6801033AY,,,,0,0,0,0,,,,0,0,0,0,0
6801034AY,,,,0,0,0,0,,753,,753,0,0,0,0
6801035AY,,,187,187,0,0,0,,,,0,0,0,0,0
6801036AY,,,,0,0,0,0,,,,0,0,0,0,0
6801037AY,,,,0,0,0,0,,,,0,0,0,0,0
6801038AY,219,,"1,371","1,590",0,0,0,,,,0,0,0,0,0
6801039AY,50,318,,368,0.16,0,0.08,,,,0,0,0,0,0
6801041AY,,,,0,0,0,0,,654,377,"1,031",0,0.58,0.29,0
6801042AY,,,,0,0,0,0,,,,0,0,0,0,0
6801043AY,,,,0,0,0,0,,,,0,0,0,0,0
6801044AY,"1,884",,,"1,884",0,0,0,,,,0,0,0,0,0
6801045AY,,,,0,0,0,0,,"1,396",,"1,396",0,0,0,0
6801046AY,,,,0,0,0,0,,,,0,0,0,0,0
6801047AY,,,,0,0,0,0,,,,0,0,0,0,0
6801048AY,,,,0,0,0,0,,,,0,0,0,0,0
6801049AY,,,,0,0,0,0,,,,0,0,0,0,0
6801050AY,"1,123",,,"1,123",0,0,0,,,,0,0,0,0,0
6801051AY,,,,0,0,0,0,,,,0,0,0,0,0
6801052AY,,,,0,0,0,0,,,,0,0,0,0,0
6801053AY,,,,0,0,0,0,,,,0,0,0,0,0
6801054AY,"3,980","2,206",,"6,186",1.8,0,0.9,,,,0,0,0,0,0
6801054KK,,,,0,0,0,0,,,,0,0,0,0,0
6801055AY,,,,0,0,0,0,,,,0,0,0,0,0
6801056AY,,,,0,0,0,0,,,,0,0,0,0,0
6801057AY,,,,0,0,0,0,,,,0,0,0,0,0
6801058AY,,"5,561",,"5,561",0,0,0,,,,0,0,0,0,0
6801059AY,,,,0,0,0,0,,,,0,0,0,0,0
6801059BS,,,916,916,0,0,0,,,,0,0,0,0,0
6801060AY,,,,0,0,0,0,,,,0,0,0,0,0
6801084BS,,,,0,0,0,0,,,"1,533","1,533",0,0,0,0
6802001AY,,,,0,0,0,0,"5,179",,,"5,179",0,0,0,0
6802002AY,,,,0,0,0,0,,,,0,0,0,0,0
6802003AY,,,,0,0,0,0,,"1,645",222,"1,867",0,0.14,0.07,0
6802004AY,"-1,766",52,"5,451","3,737",-33.96,0.01,-16.975,,,,0,0,0,0,0
6802005AY,,,,0,0,0,0,,,,0,0,0,0,0
6802006AY,,631,,631,0,0,0,,,,0,0,0,0,0
6802009AY,,,,0,0,0,0,,,,0,0,0,0,0
6802010AY,,,,0,0,0,0,,,,0,0,0,0,0
6802011AY,,,,0,0,0,0,,,,0,0,0,0,0
6802011BS,,,,0,0,0,0,,,"16,812","16,812",0,0,0,0
6802012AY,,,,0,0,0,0,,,,0,0,0,0,0
6802013AY,,,,0,0,0,0,,,,0,0,0,0,0
6802014AY,,,,0,0,0,0,,,,0,0,0,0,0
6802015AY,,,,0,0,0,0,,,,0,0,0,0,0
6802015TR,,559,439,998,0,1.27,0.635,,"6,573",976,"7,548",0,0.15,0.075,7.56
6802016AY,"2,896",,,"2,896",0,0,0,,,,0,0,0,0,0
6802017AY,,,,0,0,0,0,,,,0,0,0,0,0
6802019AY,,,,0,0,0,0,,,,0,0,0,0,0
6802020AY,,,"1,095","1,095",0,0,0,,,,0,0,0,0,0
6802021AY,,,,0,0,0,0,,,,0,0,0,0,0
6802022AY,,,,0,0,0,0,,,,0,0,0,0,0
6802023AY,,,,0,0,0,0,,,,0,0,0,0,0
6802024AY,,,,0,0,0,0,,,,0,0,0,0,0
6802024RY,,,,0,0,0,0,,"4,368",,"4,368",0,0,0,0
6802025AY,,,,0,0,0,0,,,,0,0,0,0,0
6802026AY,,,,0,0,0,0,,,,0,0,0,0,0
6802027AY,,,,0,0,0,0,,,,0,0,0,0,0
6802028AY,,,,0,0,0,0,,,,0,0,0,0,0
6802029AY,,,,0,0,0,0,,,,0,0,0,0,0
6802030AY,,,,0,0,0,0,,,,0,0,0,0,0
6802031AY,,"1,136",,"1,136",0,0,0,,,,0,0,0,0,0
6802032AY,,,,0,0,0,0,,,,0,0,0,0,0
6802033AY,"2,262",,,"2,262",0,0,0,,,,0,0,0,0,0
6802034AY,972,,,972,0,0,0,,,,0,0,0,0,0
6802035AY,,,,0,0,0,0,,,,0,0,0,0,0
6802036AY,,,,0,0,0,0,,,,0,0,0,0,0
6802038AY,,,,0,0,0,0,,,,0,0,0,0,0
6802039AY,,,,0,0,0,0,,,,0,0,0,0,0
6802040AY,,,,0,0,0,0,,,,0,0,0,0,0
6802041AY,,,,0,0,0,0,,,,0,0,0,0,0
6802042AY,"102,552","60,530","77,127","240,209",1.69,0.78,1.235,"37,449","38,621","40,065","116,136",1.03,1.04,1.035,0.48
6802043AY,,,,0,0,0,0,,,,0,0,0,0,0
6802044AY,,,,0,0,0,0,,"3,563","4,723","8,286",0,1.33,0.665,0
6802045AY,,,,0,0,0,0,,,,0,0,0,0,0
6802047AY,"5,421",,,"5,421",0,0,0,"5,421",,,"5,421",0,0,0,1
6802049AY,,,,0,0,0,0,,,186,186,0,0,0,0
6802050AY,,"1,138",,"1,138",0,0,0,,,,0,0,0,0,0
6802051AY,,,,0,0,0,0,,,,0,0,0,0,0
6802052AY,,,,0,0,0,0,,,,0,0,0,0,0
6802053AY,,,,0,0,0,0,,,,0,0,0,0,0
6802054AY,,,,0,0,0,0,,,,0,0,0,0,0
6802055AY,,,,0,0,0,0,,,,0,0,0,0,0
6802055RY,,477,,477,0,0,0,,,,0,0,0,0,0
6802056AY,"20,063",,,"20,063",0,0,0,"18,292",,"4,773","23,065",0,0,0,1.15
6802058AY,706,,,706,0,0,0,631,,,631,0,0,0,0.89
6802059AY,,,,0,0,0,0,,,,0,0,0,0,0
6802060AY,,,,0,0,0,0,,811,,811,0,0,0,0
6802061AY,,,,0,0,0,0,,,,0,0,0,0,0
6802062AY,,,,0,0,0,0,,,,0,0,0,0,0
6802063AY,,,,0,0,0,0,,,,0,0,0,0,0
6802064AY,,,,0,0,0,0,,,,0,0,0,0,0
6802065AY,,,,0,0,0,0,,,,0,0,0,0,0
6802066AY,,,,0,0,0,0,,,,0,0,0,0,0
6802067AY,,,,0,0,0,0,,,906,906,0,0,0,0
6802068AY,"20,360","23,717","14,109","58,186",0.86,1.68,1.27,892,"1,003",,"1,894",1.12,0,0.56,0.03
6802069AY,"2,356","1,400",,"3,756",1.68,0,0.84,"6,155",,,"6,155",0,0,0,1.64
6802070AY,,,,0,0,0,0,,,,0,0,0,0,0
6802071AY,,,,0,0,0,0,,,,0,0,0,0,0
6802072AY,"5,724",,,"5,724",0,0,0,,,,0,0,0,0,0
6802073AY,,,,0,0,0,0,,,,0,0,0,0,0
6802074AY,,,,0,0,0,0,,,,0,0,0,0,0
6802076AY,"4,486",,,"4,486",0,0,0,,,,0,0,0,0,0
6802077AY,"6,297",,,"6,297",0,0,0,,,,0,0,0,0,0
6802078AY,,,,0,0,0,0,,,,0,0,0,0,0
6802079AY,,,,0,0,0,0,,,,0,0,0,0,0
6802080AY,,,,0,0,0,0,,,,0,0,0,0,0
6802081AY,146,,,146,0,0,0,,277,,277,0,0,0,1.89
6802082AY,,,,0,0,0,0,,,,0,0,0,0,0
6802083AY,"-2,138",,,"-2,138",0,0,0,,,,0,0,0,0,0
6802084AY,,,,0,0,0,0,,,,0,0,0,0,0
6802085AY,"41,967","45,012","46,256","133,235",0.93,0.97,0.95,"129,449",,,"129,449",0,0,0,0.97
6803001AY,"1,583",,,"1,583",0,0,0,,,,0,0,0,0,0
6803002AY,221,,,221,0,0,0,,,,0,0,0,0,0
6803002TS,,,509,509,0,0,0,,,,0,0,0,0,0
6803003AY,"5,929","9,595",,"15,524",0.62,0,0.31,,,,0,0,0,0,0
6803004AY,"3,154",,,"3,154",0,0,0,,,,0,0,0,0,0
6803005AY,467,,,467,0,0,0,,,,0,0,0,0,0
6803007AY,398,,,398,0,0,0,,,,0,0,0,0,0
6803008AY,"1,014",,,"1,014",0,0,0,,"1,014",,"1,014",0,0,0,1
6803009AY,"60,708","42,914",,"103,622",1.41,0,0.705,,,,0,0,0,0,0
6803011AY,"18,244",,,"18,244",0,0,0,,,,0,0,0,0,0
6803012AY,408,,"1,469","1,877",0,0,0,,,,0,0,0,0,0
6803013RB,"1,486",,,"1,486",0,0,0,,,,0,0,0,0,0
6803014AY,442,864,,"1,306",0.51,0,0.255,,,,0,0,0,0,0
6803015AY,"1,079",,,"1,079",0,0,0,,,,0,0,0,0,0
6803016AY,187,"56,612","6,922","63,721",0,8.18,4.09,,,,0,0,0,0,0
6803017AY,808,,,808,0,0,0,,,,0,0,0,0,0
6803018AY,588,,,588,0,0,0,,,,0,0,0,0,0
6803019AY,873,,,873,0,0,0,,,,0,0,0,0,0
6803020AY,79,,,79,0,0,0,,65,,65,0,0,0,0.83
6803021AY,"20,440",,,"20,440",0,0,0,,"46,763","16,735","63,497",0,0.36,0.18,3.11
6803022AY,"1,940",,,"1,940",0,0,0,,,,0,0,0,0,0
6803023AY,"8,533",683,"1,310","10,526",12.49,0.52,6.505,"2,839",,505,"3,343",0,0,0,0.32
6803024AY,,"7,920",,"7,920",0,0,0,,,,0,0,0,0,0
6803025AY,"2,141",,,"2,141",0,0,0,,,,0,0,0,0,0
6803026AY,"8,734",,,"8,734",0,0,0,,,,0,0,0,0,0
6803027AY,156,,,156,0,0,0,,,,0,0,0,0,0
6803028AY,"1,799",,,"1,799",0,0,0,,,,0,0,0,0,0
6803029AY,"5,452",,,"5,452",0,0,0,,,,0,0,0,0,0
6803030AY,841,,,841,0,0,0,,,,0,0,0,0,0
6803031AY,916,,,916,0,0,0,,,,0,0,0,0,0
6803032AY,"2,691",,,"2,691",0,0,0,,,,0,0,0,0,0
6803032SB,,,703,703,0,0,0,,,,0,0,0,0,0
6803033AY,"25,772",,,"25,772",0,0,0,,,,0,0,0,0,0
6803033NS,,,,0,0,0,0,,,"6,538","6,538",0,0,0,0
6803034AY,"3,791",,,"3,791",0,0,0,,,,0,0,0,0,0
6803035AY,"1,351",159,"1,925","3,435",8.5,0.08,4.29,405,,,405,0,0,0,0.12
6803035NS,,,"4,964","4,964",0,0,0,,,,0,0,0,0,0
6803036AY,"3,694",,,"3,694",0,0,0,,,,0,0,0,0,0
6803037AY,695,,,695,0,0,0,,,,0,0,0,0,0
6803038AY,"14,064",,,"14,064",0,0,0,,"11,048",407,"11,455",0,0.04,0.02,0.81
6803040AY,"34,807","7,243","4,477","46,527",4.81,1.62,3.215,"9,505",,"31,369","40,874",0,0,0,0.88
6803041AY,407,332,,739,1.23,0,0.615,,,,0,0,0,0,0
6803041RB,,,"2,046","2,046",0,0,0,,,,0,0,0,0,0
6803042AY,,"2,664","9,546","12,210",0,0.28,0.14,,"1,356",,"1,356",0,0,0,0.11
6803043AY,"20,823",,,"20,823",0,0,0,,,,0,0,0,0,0
6803044AY,"3,575",,,"3,575",0,0,0,,,,0,0,0,0,0
6803045AY,"2,494",,,"2,494",0,0,0,,,,0,0,0,0,0
6803046AY,,,,0,0,0,0,"3,927",,,"3,927",0,0,0,0
6803047AY,504,,983,"1,487",0,0,0,,360,936,"1,295",0,2.6,1.3,0.87
6803048AY,718,,,718,0,0,0,,,520,520,0,0,0,0.72
6803048SB,,,"16,741","16,741",0,0,0,,,,0,0,0,0,0
6803049AY,"2,221","4,039","1,076","7,336",0.55,3.75,2.15,"1,618","2,110",,"3,729",1.3,0,0.65,0.51
6803050AY,"11,963","10,467",,"22,430",1.14,0,0.57,,,,0,0,0,0,0
6803051AY,"6,121",,,"6,121",0,0,0,,,,0,0,0,0,0
6803052AY,"2,240",,,"2,240",0,0,0,,,,0,0,0,0,0
6803053AY,855,205,,"1,060",4.17,0,2.085,,,,0,0,0,0,0
6803054AY,238,,,238,0,0,0,,,,0,0,0,0,0
6803055AY,"3,252",,,"3,252",0,0,0,,,,0,0,0,0,0
6803056AY,"1,234",,,"1,234",0,0,0,,,,0,0,0,0,0
6803057AY,"6,123","2,777",,"8,900",2.2,0,1.1,"35,764","90,639","24,419","150,822",2.53,0.27,1.4,16.95
6803058AY,"13,590",,,"13,590",0,0,0,,,"1,834","1,834",0,0,0,0.13
6803059AY,"1,014",,,"1,014",0,0,0,761,,,761,0,0,0,0.75
6803060AY,"2,418","3,256",,"5,674",0.74,0,0.37,"3,665",640,351,"4,657",0.17,0.55,0.36,0.82
6803061AY,210,,,210,0,0,0,,,,0,0,0,0,0
6803063AY,,"1,477",,"1,477",0,0,0,,,,0,0,0,0,0
6803064AY,383,698,"2,341","3,422",0.55,0.3,0.425,"1,598","4,022","1,937","7,558",2.52,0.48,1.5,2.21
6803065AY,"8,573",,,"8,573",0,0,0,,,,0,0,0,0,0
6803066AY,"1,710",,,"1,710",0,0,0,,,,0,0,0,0,0
6803067AY,538,,,538,0,0,0,,,,0,0,0,0,0
6803068AY,204,,,204,0,0,0,,,,0,0,0,0,0
6803069AY,,"1,780",,"1,780",0,0,0,,,,0,0,0,0,0
6803070AY,459,81,,540,5.67,0,2.835,,,,0,0,0,0,0
6803071AY,,"4,505",,"4,505",0,0,0,,,,0,0,0,0,0
6803072AY,90,,,90,0,0,0,,,,0,0,0,0,0
6803073AY,979,312,,"1,291",3.14,0,1.57,,,,0,0,0,0,0
6804002AY,,"3,157",,"3,157",0,0,0,,,,0,0,0,0,0
6804003AY,,566,376,942,0,1.51,0.755,,,,0,0,0,0,0
6804004AY,,"5,206",,"5,206",0,0,0,,,,0,0,0,0,0
6804005AY,,743,,743,0,0,0,,,,0,0,0,0,0
6804006AY,,"16,390","10,794","27,184",0,1.52,0.76,"4,584",,"7,548","12,132",0,0,0,0.45
6804007AY,,"6,585",,"6,585",0,0,0,,,,0,0,0,0,0
6804008AY,,"1,235",,"1,235",0,0,0,,,,0,0,0,0,0
6804009AY,,"4,243",,"4,243",0,0,0,,,,0,0,0,0,0
6804010AY,,"3,975",,"3,975",0,0,0,,,,0,0,0,0,0
6804010BS,,679,"2,471","3,150",0,0.27,0.135,"1,772","1,738",,"3,510",0.98,0,0.49,1.11
6804011AY,,654,,654,0,0,0,,,,0,0,0,0,0
6804012AY,,"1,355",632,"1,987",0,2.14,1.07,,,,0,0,0,0,0
6804013AY,,,,0,0,0,0,,,"28,893","28,893",0,0,0,0
6804014AY,,"1,199",,"1,199",0,0,0,,,"13,850","13,850",0,0,0,11.55
6804015AY,,"3,180",,"3,180",0,0,0,,,,0,0,0,0,0
6804017AY,,"71,373","5,108","76,481",0,13.97,6.985,,,"11,984","11,984",0,0,0,0.16
6804018AY,,,,0,0,0,0,"104,972",,,"104,972",0,0,0,0
6804019AY,,916,,916,0,0,0,,,"1,832","1,832",0,0,0,2
6804020AY,,192,,192,0,0,0,,,,0,0,0,0,0
6804021AY,,"14,617",,"14,617",0,0,0,"5,857",,,"5,857",0,0,0,0.4
6804022AY,,"17,360","31,459","48,819",0,0.55,0.275,,"1,535",,"1,535",0,0,0,0.03
6804022TR,,,,0,0,0,0,,,"2,173","2,173",0,0,0,0
6804023AY,,"1,125",,"1,125",0,0,0,,,,0,0,0,0,0
6804024AY,,"3,328",,"3,328",0,0,0,,,,0,0,0,0,0
6804025AY,,396,,396,0,0,0,,,,0,0,0,0,0
6804026AY,,"2,972",,"2,972",0,0,0,,,,0,0,0,0,0
6804027AY,,707,,707,0,0,0,,,,0,0,0,0,0
6804028AY,,887,778,"1,665",0,1.14,0.57,941,,,941,0,0,0,0.57
6804029KK,,,737,737,0,0,0,,,,0,0,0,0,0
6804030AY,,"1,785","1,963","3,748",0,0.91,0.455,,,,0,0,0,0,0
6804031AY,,"2,523",,"2,523",0,0,0,,,,0,0,0,0,0
6804032AY,,359,,359,0,0,0,,,,0,0,0,0,0
6804033AY,,"1,957",,"1,957",0,0,0,,,,0,0,0,0,0
6804034AY,,"2,512","1,262","3,774",0,1.99,0.995,,,,0,0,0,0,0
6804035AY,,"1,873",,"1,873",0,0,0,,,,0,0,0,0,0
6804036AY,,643,,643,0,0,0,,,,0,0,0,0,0
6804037AY,,"4,816",,"4,816",0,0,0,"2,695",,,"2,695",0,0,0,0.56
6804038AY,,"2,112",,"2,112",0,0,0,,,674,674,0,0,0,0.32
6804039AY,,"3,225",,"3,225",0,0,0,,,,0,0,0,0,0
6804040AY,,187,,187,0,0,0,,,,0,0,0,0,0
6804041AY,,727,,727,0,0,0,,,,0,0,0,0,0
6804042AY,,"64,514","59,122","123,636",0,1.09,0.545,695,366,,"1,062",0.53,0,0.265,0.01
6804043AY,,"4,212",,"4,212",0,0,0,,,,0,0,0,0,0
6804044AY,,"38,145",,"38,145",0,0,0,,,,0,0,0,0,0
6804045AY,,"6,626","11,227","17,853",0,0.59,0.295,"2,204","18,071",,"20,274",8.2,0,4.1,1.14
6804046AY,,"7,152",,"7,152",0,0,0,,"1,673",,"1,673",0,0,0,0.23
6804047AY,,64,,64,0,0,0,,,,0,0,0,0,0
6804048AY,,"2,344",,"2,344",0,0,0,,,,0,0,0,0,0
6804049AY,,"4,573","1,468","6,041",0,3.12,1.56,,425,,425,0,0,0,0.07
6804050AY,,"3,778",,"3,778",0,0,0,,,,0,0,0,0,0
6804051AY,,"2,148",,"2,148",0,0,0,,,,0,0,0,0,0
6804052AY,,159,,159,0,0,0,,,,0,0,0,0,0
6804053AY,,393,,393,0,0,0,,,,0,0,0,0,0
6804054AY,,"2,477","1,163","3,640",0,2.13,1.065,,,,0,0,0,0,0
6804055AY,,111,,111,0,0,0,,,,0,0,0,0,0
6804056AY,,,,0,0,0,0,617,,,617,0,0,0,0
6804057AY,,"6,357",,"6,357",0,0,0,,,"5,621","5,621",0,0,0,0.88
6804058AY,,695,,695,0,0,0,,,,0,0,0,0,0
6804059AY,,"1,391",,"1,391",0,0,0,,,,0,0,0,0,0
6804060AY,,"2,814",,"2,814",0,0,0,,533,,533,0,0,0,0.19
6804061AY,,"7,673",,"7,673",0,0,0,"10,589",,"1,720","12,308",0,0,0,1.6
6804062AY,,"2,664",,"2,664",0,0,0,,,,0,0,0,0,0
6804063AY,,678,,678,0,0,0,,,,0,0,0,0,0
6804064AY,,,330,330,0,0,0,,,,0,0,0,0,0
6804065AY,,,750,750,0,0,0,,,,0,0,0,0,0
6804066AY,,,65,65,0,0,0,,,,0,0,0,0,0
6804067AY,,"7,477",,"7,477",0,0,0,,,,0,0,0,0,0
6804068AY,,869,58,927,0,14.98,7.49,,,,0,0,0,0,0
6804069AY,,563,,563,0,0,0,,,,0,0,0,0,0
6804071AY,,"4,041",,"4,041",0,0,0,,,,0,0,0,0,0
6804072AY,,"1,772",,"1,772",0,0,0,"5,536",,,"5,536",0,0,0,3.12
6805002AY,,,"6,545","6,545",0,0,0,,,,0,0,0,0,0
6805003AY,,,461,461,0,0,0,,,,0,0,0,0,0
6805004AY,,,364,364,0,0,0,,,,0,0,0,0,0
6805005AY,,,"11,982","11,982",0,0,0,,,,0,0,0,0,0
6805006AY,,,79,79,0,0,0,,,,0,0,0,0,0
6805007AY,,,"1,028","1,028",0,0,0,,,,0,0,0,0,0
6805008AY,,,"3,644","3,644",0,0,0,,,,0,0,0,0,0
6805009AY,,,"43,593","43,593",0,0,0,164,,,164,0,0,0,0
6805010AY,,,"1,989","1,989",0,0,0,,,"3,101","3,101",0,0,0,1.56
6805011AY,,,"12,940","12,940",0,0,0,"11,285",,,"11,285",0,0,0,0.87
6805012AY,,,"26,551","26,551",0,0,0,84,,,84,0,0,0,0
6805013AY,,,,0,0,0,0,"4,748",,,"4,748",0,0,0,0
6805014AY,,,"1,772","1,772",0,0,0,,,,0,0,0,0,0
6805016AY,,,"29,945","29,945",0,0,0,"28,997",,"1,192","30,189",0,0,0,1.01
6805017AY,,,280,280,0,0,0,"8,000","2,424",738,"11,162",0.3,0.3,0.3,39.86
6805017KK,,,,0,0,0,0,"8,113",,,"8,113",0,0,0,0
6805018AY,,,56,56,0,0,0,,,,0,0,0,0,0
6805019AY,,,534,534,0,0,0,,,,0,0,0,0,0
6805020AY,,,"1,944","1,944",0,0,0,,,,0,0,0,0,0
6805021AY,,,"2,808","2,808",0,0,0,,,,0,0,0,0,0
6805022AY,,,"2,710","2,710",0,0,0,,654,,654,0,0,0,0.24
6805023AY,,,"12,422","12,422",0,0,0,"8,805","1,884",,"10,689",0.21,0,0.105,0.86
6805024AY,,,514,514,0,0,0,"3,898",,,"3,898",0,0,0,7.58
6805026AY,,,"2,846","2,846",0,0,0,,,,0,0,0,0,0
6805027AY,,,"5,090","5,090",0,0,0,,"8,631","7,744","16,375",0,0.9,0.45,3.22
6805028AY,,,355,355,0,0,0,,,,0,0,0,0,0
6805029AY,,,308,308,0,0,0,,,,0,0,0,0,0
6805030AY,,,"1,280","1,280",0,0,0,,"7,200","3,734","10,934",0,0.52,0.26,8.54
6805031AY,,,"5,725","5,725",0,0,0,"9,348",,303,"9,651",0,0,0,1.69
6805032AY,,,"2,180","2,180",0,0,0,,,,0,0,0,0,0
6805033AY,,,"21,761","21,761",0,0,0,"2,574",,,"2,574",0,0,0,0.12
6805035AY,,,"18,815","18,815",0,0,0,"10,595","1,419",,"12,014",0.13,0,0.065,0.64
6805036AY,,,902,902,0,0,0,,,,0,0,0,0,0
6805037AY,,,"3,200","3,200",0,0,0,,,"1,331","1,331",0,0,0,0.42
6805038AY,,,206,206,0,0,0,,,,0,0,0,0,0
6805039AY,,,271,271,0,0,0,,,,0,0,0,0,0
6805040AY,,,"27,363","27,363",0,0,0,931,,,931,0,0,0,0.03
6805042AY,,,90,90,0,0,0,"1,767",,,"1,767",0,0,0,19.64
6805043AY,,,,0,0,0,0,"4,072",,,"4,072",0,0,0,0
6805044AY,,,499,499,0,0,0,,,,0,0,0,0,0
6805045AY,,,396,396,0,0,0,,,,0,0,0,0,0
6805046AY,,,443,443,0,0,0,,,,0,0,0,0,0
6805047AY,,,,0,0,0,0,,,"2,243","2,243",0,0,0,0
6805048AY,,,"1,776","1,776",0,0,0,,"3,533","4,738","8,271",0,1.34,0.67,4.66
6805049AY,,,"13,463","13,463",0,0,0,"6,146","2,467",,"8,613",0.4,0,0.2,0.64
6805050AY,,,112,112,0,0,0,,,,0,0,0,0,0
6805051AY,,,131,131,0,0,0,,,,0,0,0,0,0
6805052AY,,,"4,585","4,585",0,0,0,,,,0,0,0,0,0
6805053AY,,,951,951,0,0,0,,,,0,0,0,0,0
6805054AY,,,"2,379","2,379",0,0,0,,,,0,0,0,0,0
6805055AY,,,720,720,0,0,0,,,,0,0,0,0,0
6805056AY,,,"2,488","2,488",0,0,0,,,,0,0,0,0,0
6805057AY,,,"14,425","14,425",0,0,0,"7,031",,,"7,031",0,0,0,0.49
6805058AY,,,"1,683","1,683",0,0,0,,,,0,0,0,0,0
6805059AY,,,582,582,0,0,0,,,,0,0,0,0,0
6805060AY,,,"13,729","13,729",0,0,0,"6,081",,,"6,081",0,0,0,0.44
6805061AY,,,"37,091","37,091",0,0,0,,,,0,0,0,0,0
6805062AY,,,"3,836","3,836",0,0,0,,,,0,0,0,0,0
6805063AY,,,432,432,0,0,0,,,,0,0,0,0,0
6805065AY,,,973,973,0,0,0,,,,0,0,0,0,0
6805066AY,,,222,222,0,0,0,,,,0,0,0,0,0
6805067AY,,,"2,805","2,805",0,0,0,"1,013",,,"1,013",0,0,0,0.36
6805068AY,,,165,165,0,0,0,,,,0,0,0,0,0
6805069AY,,,"4,707","4,707",0,0,0,,,,0,0,0,0,0
6805070AY,,,"3,249","3,249",0,0,0,,,,0,0,0,0,0
6805071AY,,,"6,637","6,637",0,0,0,,,,0,0,0,0,0
6805072AY,,,959,959,0,0,0,,,,0,0,0,0,0
6805073AY,,,"1,387","1,387",0,0,0,,,,0,0,0,0,0
6805074AY,,,944,944,0,0,0,"6,641",,,"6,641",0,0,0,7.04
6805075AY,,,"19,147","19,147",0,0,0,,"18,249","5,630","23,879",0,0.31,0.155,1.25
6805076AY,,,"2,109","2,109",0,0,0,,,,0,0,0,0,0
6805077AY,,,341,341,0,0,0,,,,0,0,0,0,0
6805078AY,,,"1,121","1,121",0,0,0,,"7,850",,"7,850",0,0,0,7
6805079AY,,,,0,0,0,0,"4,383",,,"4,383",0,0,0,0
6805080AY,,,"4,110","4,110",0,0,0,651,,,651,0,0,0,0.16
6805081AY,,,313,313,0,0,0,,,,0,0,0,0,0
6806001AY,,,,0,0,0,0,168,,,168,0,0,0,0
6806002AY,,,,0,0,0,0,"5,944",458,164,"6,567",0.08,0.36,0.22,0
6806003AY,,,,0,0,0,0,"6,529",,,"6,529",0,0,0,0
6806004AY,,,,0,0,0,0,699,,,699,0,0,0,0
6806005AY,,,,0,0,0,0,"1,164",,,"1,164",0,0,0,0
6806006AY,,,,0,0,0,0,"1,226",,,"1,226",0,0,0,0
6806007AY,,,,0,0,0,0,"5,122","2,906","5,111","13,139",0.57,1.76,1.165,0
6806008AY,,,,0,0,0,0,402,"1,206",,"1,607",3,0,1.5,0
6806009AY,,,,0,0,0,0,238,,,238,0,0,0,0
6806010AY,,,,0,0,0,0,"3,798","1,529","3,504","8,831",0.4,2.29,1.345,0
6806011AY,,,,0,0,0,0,"1,518",,"53,826","55,344",0,0,0,0
6806012AY,,,,0,0,0,0,383,,,383,0,0,0,0
6806013AY,,,,0,0,0,0,283,,71,354,0,0,0,0
6806014AY,,,,0,0,0,0,"3,827",,,"3,827",0,0,0,0
6806015AY,,,,0,0,0,0,"3,322","6,974",204,"10,499",2.1,0.03,1.065,0
6806016AY,,,,0,0,0,0,"3,186",,,"3,186",0,0,0,0
6806017AY,,,,0,0,0,0,"1,103",,,"1,103",0,0,0,0
6806018AY,,,,0,0,0,0,220,,"5,739","5,958",0,0,0,0
6806020AY,,,,0,0,0,0,407,,,407,0,0,0,0
6806021AY,,,,0,0,0,0,80,,,80,0,0,0,0
6806022AY,,,,0,0,0,0,"1,383",,,"1,383",0,0,0,0
6806023AY,,,,0,0,0,0,,,191,191,0,0,0,0
6806024AY,,,,0,0,0,0,71,,,71,0,0,0,0
6806025AY,,,,0,0,0,0,575,,,575,0,0,0,0
6806026AY,,,,0,0,0,0,"4,511",,,"4,511",0,0,0,0
6806027AY,,,,0,0,0,0,610,,,610,0,0,0,0
6806028AY,,,,0,0,0,0,"1,957",,,"1,957",0,0,0,0
6806030AY,,,,0,0,0,0,697,,,697,0,0,0,0
6806031AY,,,,0,0,0,0,"8,364",,,"8,364",0,0,0,0
6806032AY,,,,0,0,0,0,"1,357",,,"1,357",0,0,0,0
6806033AY,,,,0,0,0,0,"1,121",,,"1,121",0,0,0,0
6806034AY,,,,0,0,0,0,144,,,144,0,0,0,0
6806034CB,,,,0,0,0,0,,,"25,272","25,272",0,0,0,0
6806035AY,,,,0,0,0,0,257,,,257,0,0,0,0
6806036AY,,,,0,0,0,0,"1,103",,,"1,103",0,0,0,0
6806037AY,,,,0,0,0,0,416,,,416,0,0,0,0
6806038AY,,,,0,0,0,0,"1,850",,,"1,850",0,0,0,0
6806039AY,,,,0,0,0,0,"7,452","1,508","1,069","10,029",0.2,0.71,0.455,0
6806040AY,,,,0,0,0,0,,,490,490,0,0,0,0
6806041AY,,,,0,0,0,0,"4,408",,,"4,408",0,0,0,0
6806042AY,,,,0,0,0,0,"4,523",239,,"4,763",0.05,0,0.025,0
6806043AY,,,,0,0,0,0,111,,,111,0,0,0,0
6806044AY,,,,0,0,0,0,"2,068",,,"2,068",0,0,0,0
6806045AY,,,,0,0,0,0,329,,,329,0,0,0,0
6806046AY,,,,0,0,0,0,"7,862",,,"7,862",0,0,0,0
6806047AY,,,,0,0,0,0,"4,022","2,284","5,029","11,336",0.57,2.2,1.385,0
6806048AY,,,,0,0,0,0,"3,505","2,336",,"5,841",0.67,0,0.335,0
6806049AY,,,,0,0,0,0,"4,907",,,"4,907",0,0,0,0
6806050AY,,,,0,0,0,0,"26,655","19,012",,"45,666",0.71,0,0.355,0
6806051AY,,,,0,0,0,0,222,,,222,0,0,0,0
6806052AY,,,,0,0,0,0,"7,963",,,"7,963",0,0,0,0
6806053AY,,,,0,0,0,0,"4,673",,,"4,673",0,0,0,0
6806054AY,,,,0,0,0,0,"4,370","7,804",429,"12,603",1.79,0.06,0.925,0
6806055AY,,,,0,0,0,0,"1,543",,"26,408","27,951",0,0,0,0
6806056AY,,,,0,0,0,0,"1,013",,,"1,013",0,0,0,0
6806057AY,,,,0,0,0,0,,,"8,113","8,113",0,0,0,0
6806058AY,,,,0,0,0,0,163,,,163,0,0,0,0
6806059AY,,,,0,0,0,0,629,,,629,0,0,0,0
6806060AY,,,,0,0,0,0,"18,594",,,"18,594",0,0,0,0
6806061AY,,,,0,0,0,0,"2,515",584,,"3,099",0.23,0,0.115,0
6806062AY,,,,0,0,0,0,"3,393",,449,"3,841",0,0,0,0
6806063AY,,,,0,0,0,0,103,,,103,0,0,0,0
6806064AY,,,,0,0,0,0,"2,378",,,"2,378",0,0,0,0
6806065AY,,,,0,0,0,0,"1,014",,,"1,014",0,0,0,0
6806066AY,,,,0,0,0,0,126,,,126,0,0,0,0
6806069AY,,,,0,0,0,0,79,"3,944",,"4,024",49.65,0,24.825,0
6806070AY,,,,0,0,0,0,,"2,089",,"2,089",0,0,0,0
6806071AY,,,,0,0,0,0,"1,818",,,"1,818",0,0,0,0
6806072AY,,,,0,0,0,0,"3,093","2,193","1,607","6,894",0.71,0.73,0.72,0
6806073AY,,,,0,0,0,0,641,939,,"1,579",1.46,0,0.73,0
6806074AY,,,,0,0,0,0,"12,696",,,"12,696",0,0,0,0
6806075AY,,,,0,0,0,0,688,,,688,0,0,0,0
6806076AY,,,,0,0,0,0,"2,565",,,"2,565",0,0,0,0
6806077AY,,,,0,0,0,0,439,,,439,0,0,0,0
6806078AY,,,,0,0,0,0,"2,123",,,"2,123",0,0,0,0
6806079AY,,,,0,0,0,0,,,210,210,0,0,0,0
6807001AY,,,,0,0,0,0,,"20,496",,"20,496",0,0,0,0
6807002AY,,,,0,0,0,0,,"2,410",,"2,410",0,0,0,0
6807004AY,,,,0,0,0,0,,475,,475,0,0,0,0
6807005AY,,,,0,0,0,0,,74,,74,0,0,0,0
6807006AY,,,,0,0,0,0,,"11,836",,"11,836",0,0,0,0
6807007AY,,,,0,0,0,0,,"17,271",,"17,271",0,0,0,0
6807008AY,,,,0,0,0,0,,"2,421",,"2,421",0,0,0,0
6807009AY,,,,0,0,0,0,,"1,202",,"1,202",0,0,0,0
6807010AY,,,,0,0,0,0,,725,,725,0,0,0,0
6807011AY,,,,0,0,0,0,,934,,934,0,0,0,0
6807012AY,,,,0,0,0,0,,"1,390",,"1,390",0,0,0,0
6807013AY,,,,0,0,0,0,,"1,667",,"1,667",0,0,0,0
6807014AY,,,,0,0,0,0,,"3,697",,"3,697",0,0,0,0
6807015AY,,,,0,0,0,0,,953,,953,0,0,0,0
6807016AY,,,,0,0,0,0,,44,,44,0,0,0,0
6807017AY,,,,0,0,0,0,,"1,416",,"1,416",0,0,0,0
6807017TR,,,,0,0,0,0,,"1,668",,"1,668",0,0,0,0
6807018AY,,,,0,0,0,0,,127,,127,0,0,0,0
6807019AY,,,,0,0,0,0,,"3,196",,"3,196",0,0,0,0
6807020AY,,,,0,0,0,0,,"5,567","2,038","7,605",0,0.37,0.185,0
6807021AY,,,,0,0,0,0,,194,,194,0,0,0,0
6807022AY,,,,0,0,0,0,,"4,251",,"4,251",0,0,0,0
6807023AY,,,,0,0,0,0,,721,,721,0,0,0,0
6807024AY,,,,0,0,0,0,,"6,921",,"6,921",0,0,0,0
6807025AY,,,,0,0,0,0,,93,,93,0,0,0,0
6807027AY,,,,0,0,0,0,,"2,248",,"2,248",0,0,0,0
6807028AY,,,,0,0,0,0,,407,,407,0,0,0,0
6807030AY,,,,0,0,0,0,,288,,288,0,0,0,0
6807032AY,,,,0,0,0,0,,"6,308","2,587","8,895",0,0.41,0.205,0
6807033AY,,,,0,0,0,0,,247,243,490,0,0.98,0.49,0
6807034AY,,,,0,0,0,0,,"1,356",,"1,356",0,0,0,0
6807035AY,,,,0,0,0,0,,533,,533,0,0,0,0
6807036AY,,,,0,0,0,0,,"7,127",,"7,127",0,0,0,0
6807037AY,,,,0,0,0,0,,204,,204,0,0,0,0
6807038AY,,,,0,0,0,0,,106,,106,0,0,0,0
6807039AY,,,,0,0,0,0,,"2,543",,"2,543",0,0,0,0
6807040AY,,,,0,0,0,0,,902,,902,0,0,0,0
6807041AY,,,,0,0,0,0,,940,,940,0,0,0,0
6807042AY,,,,0,0,0,0,,"5,652",,"5,652",0,0,0,0
6807043AY,,,,0,0,0,0,,134,,134,0,0,0,0
6807044AY,,,,0,0,0,0,,220,,220,0,0,0,0
6807045AY,,,,0,0,0,0,,"2,131",,"2,131",0,0,0,0
6807046AY,,,,0,0,0,0,,62,,62,0,0,0,0
6807048AY,,,,0,0,0,0,,145,,145,0,0,0,0
6807050AY,,,,0,0,0,0,,"2,897",,"2,897",0,0,0,0
6807051AY,,,,0,0,0,0,,393,,393,0,0,0,0
6807052AY,,,,0,0,0,0,,"3,103",,"3,103",0,0,0,0
6807053AY,,,,0,0,0,0,,,443,443,0,0,0,0
6807054AY,,,,0,0,0,0,,"6,822",,"6,822",0,0,0,0
6807055AY,,,,0,0,0,0,,916,,916,0,0,0,0
6807056AY,,,,0,0,0,0,,,"6,196","6,196",0,0,0,0
6807057AY,,,,0,0,0,0,,"2,927",,"2,927",0,0,0,0
6807058AY,,,,0,0,0,0,,224,,224,0,0,0,0
6807059AY,,,,0,0,0,0,,"13,897","13,780","27,677",0,0.99,0.495,0
6807060AY,,,,0,0,0,0,,121,,121,0,0,0,0
6807061AY,,,,0,0,0,0,,,280,280,0,0,0,0
6807063AY,,,,0,0,0,0,,836,,836,0,0,0,0
6807064AY,,,,0,0,0,0,,"4,149",789,"4,938",0,0.19,0.095,0
6807065AY,,,,0,0,0,0,,146,,146,0,0,0,0
6807066AY,,,,0,0,0,0,,"6,485",,"6,485",0,0,0,0
6807067AY,,,,0,0,0,0,,"6,869",751,"7,620",0,0.11,0.055,0
6807068AY,,,,0,0,0,0,,"7,906",,"7,906",0,0,0,0
6807070AY,,,,0,0,0,0,,"3,463",,"3,463",0,0,0,0
6807071AY,,,,0,0,0,0,,"4,579",,"4,579",0,0,0,0
6807072AY,,,,0,0,0,0,,944,,944,0,0,0,0
6807073AY,,,,0,0,0,0,,554,"4,764","5,318",0,8.6,4.3,0
6808001AY,,,,0,0,0,0,,,"22,303","22,303",0,0,0,0
6808002AY,,,,0,0,0,0,,,97,97,0,0,0,0
6808003AY,,,,0,0,0,0,,,85,85,0,0,0,0
6808004AY,,,,0,0,0,0,,,"1,774","1,774",0,0,0,0
6808006AY,,,,0,0,0,0,,,154,154,0,0,0,0
6808007AY,,,,0,0,0,0,,,"1,963","1,963",0,0,0,0
6808008AY,,,,0,0,0,0,,,"1,913","1,913",0,0,0,0
6808009AY,,,,0,0,0,0,,,"48,056","48,056",0,0,0,0
6808010AY,,,,0,0,0,0,,,"64,831","64,831",0,0,0,0
6808011AY,,,,0,0,0,0,,,"4,416","4,416",0,0,0,0
6808012AY,,,,0,0,0,0,,,"31,402","31,402",0,0,0,0
6808013AY,,,,0,0,0,0,,,"2,604","2,604",0,0,0,0
6808014AY,,,,0,0,0,0,,,"4,794","4,794",0,0,0,0
6808015AY,,,,0,0,0,0,,,"18,487","18,487",0,0,0,0
6808016AY,,,,0,0,0,0,,,308,308,0,0,0,0
6808017AY,,,,0,0,0,0,,,916,916,0,0,0,0
6808018AY,,,,0,0,0,0,,,"1,430","1,430",0,0,0,0
6808019AY,,,,0,0,0,0,,,"6,516","6,516",0,0,0,0
6808020AY,,,,0,0,0,0,,,"1,357","1,357",0,0,0,0
6808021AY,,,,0,0,0,0,,,"13,741","13,741",0,0,0,0
6808022AY,,,,0,0,0,0,,,"9,536","9,536",0,0,0,0
6808023AY,,,,0,0,0,0,,,"6,464","6,464",0,0,0,0
6808024AY,,,,0,0,0,0,,,"5,692","5,692",0,0,0,0
6808025AY,,,,0,0,0,0,,,"4,045","4,045",0,0,0,0
6808026AY,,,,0,0,0,0,,,"6,568","6,568",0,0,0,0
6808027AY,,,,0,0,0,0,,,"5,076","5,076",0,0,0,0
6808028AY,,,,0,0,0,0,,,82,82,0,0,0,0
6808029AY,,,,0,0,0,0,,,"8,887","8,887",0,0,0,0
6808030AY,,,,0,0,0,0,,,506,506,0,0,0,0
6808031AY,,,,0,0,0,0,,,"11,047","11,047",0,0,0,0
6808032AY,,,,0,0,0,0,,,"6,675","6,675",0,0,0,0
6808033AY,,,,0,0,0,0,,,315,315,0,0,0,0
6808034AY,,,,0,0,0,0,,,210,210,0,0,0,0
6808035AY,,,,0,0,0,0,,,"8,174","8,174",0,0,0,0
6808036AY,,,,0,0,0,0,,,"9,708","9,708",0,0,0,0
6808037AY,,,,0,0,0,0,,,"2,591","2,591",0,0,0,0
6808038AY,,,,0,0,0,0,,,"32,264","32,264",0,0,0,0
6808039AY,,,,0,0,0,0,,,"1,242","1,242",0,0,0,0
6808041AY,,,,0,0,0,0,,,"3,776","3,776",0,0,0,0
6808042AY,,,,0,0,0,0,,,263,263,0,0,0,0
6808043AY,,,,0,0,0,0,,,"5,047","5,047",0,0,0,0
6808044AY,,,,0,0,0,0,,,959,959,0,0,0,0
6808046AY,,,,0,0,0,0,,,556,556,0,0,0,0
6808047AY,,,,0,0,0,0,,,505,505,0,0,0,0
6808048AY,,,,0,0,0,0,,,"5,173","5,173",0,0,0,0
6808049AY,,,,0,0,0,0,,,206,206,0,0,0,0
6808050AY,,,,0,0,0,0,,,997,997,0,0,0,0
6808051AY,,,,0,0,0,0,,,"1,298","1,298",0,0,0,0
6808052AY,,,,0,0,0,0,,,"13,850","13,850",0,0,0,0
6808053AY,,,,0,0,0,0,,,757,757,0,0,0,0
6808054AY,,,,0,0,0,0,,,"3,028","3,028",0,0,0,0
6808055AY,,,,0,0,0,0,,,"13,379","13,379",0,0,0,0
6808057AY,,,,0,0,0,0,,,"16,409","16,409",0,0,0,0
6808059AY,,,,0,0,0,0,,,"1,627","1,627",0,0,0,0
DAY005,"23,123","25,827","8,783","57,733",0.9,2.94,1.92,"9,351","6,733","18,393","34,478",0.72,2.73,1.725,0.6
DAY006,"7,814",,"4,154","11,968",0,0,0,701,"2,159","11,532","14,391",3.08,5.34,4.21,1.2
DAY026,,308,,308,0,0,0,,,,0,0,0,0,0
DAY031,"17,073","12,256","17,610","46,939",1.39,0.7,1.045,"6,345","5,862","4,250","16,457",0.92,0.73,0.825,0.35
DAY033,,,,0,0,0,0,,,,0,0,0,0,0
DAY034,,,179,179,0,0,0,,,,0,0,0,0,0
DAY037,611,,"18,104","18,715",0,0,0,"13,452","1,396","5,247","20,095",0.1,3.76,1.93,1.07
DAY040,"1,065",462,"28,117","29,644",2.31,0.02,1.165,,,,0,0,0,0,0
DAY045,,,,0,0,0,0,,467,,467,0,0,0,0
DAY046,,,,0,0,0,0,241,,,241,0,0,0,0
DAY049,"5,838",,,"5,838",0,0,0,,,,0,0,0,0,0
DAY059,,"1,828",,"1,828",0,0,0,"6,612",,,"6,612",0,0,0,3.62
DAY064,,"29,698",,"29,698",0,0,0,,"8,832",,"8,832",0,0,0,0.3
DAY078,"4,997",,"2,352","7,349",0,0,0,290,305,"1,078","1,672",1.05,3.54,2.295,0.23
DAY089,"7,079","1,129","8,241","16,449",6.27,0.14,3.205,"3,540","1,982","5,038","10,560",0.56,2.54,1.55,0.64
DAY092,,,,0,0,0,0,309,"17,485",95,"17,890",56.52,0.01,28.265,0
DAY109,,,"2,692","2,692",0,0,0,,,,0,0,0,0,0
DAY113,,,,0,0,0,0,,"9,430",,"9,430",0,0,0,0
DAY114,"73,747","74,958","5,509","154,214",0.98,13.61,7.295,"25,990","71,157","38,196","135,343",2.74,0.54,1.64,0.88
DAY117,"18,370",269,"44,982","63,621",68.29,0.01,34.15,"5,654","15,504","13,176","34,334",2.74,0.85,1.795,0.54
DAY127,,701,"3,505","4,206",0,0.2,0.1,,,,0,0,0,0,0
DAY135,,,388,388,0,0,0,,,,0,0,0,0,0
DAY155,234,,,234,0,0,0,,,,0,0,0,0,0
DAY160,606,,,606,0,0,0,,,,0,0,0,0,0
DAY166,,"1,450",,"1,450",0,0,0,,,,0,0,0,0,0
DAY169,"6,084","5,070","1,014","12,168",1.2,5,3.1,"4,056","4,397","3,418","11,871",1.08,0.78,0.93,0.98
DAY172,,,,0,0,0,0,,"3,729",,"3,729",0,0,0,0
DAY192,,284,,284,0,0,0,"1,136",,,"1,136",0,0,0,4
DAY200,,,,0,0,0,0,,408,,408,0,0,0,0
DAY204,,,,0,0,0,0,,,"1,121","1,121",0,0,0,0
DAY207,"255,971","263,438","284,553","803,962",0.97,0.93,0.95,"172,760","142,619","217,743","533,122",0.83,1.53,1.18,0.66
DAY208,"137,891","290,930","53,591","482,412",0.47,5.43,2.95,"184,837","159,848","81,305","425,990",0.86,0.51,0.685,0.88
DAY212,"14,235","50,390","23,312","87,937",0.28,2.16,1.22,,144,,144,0,0,0,0
DAY213,,,,0,0,0,0,505,,,505,0,0,0,0
DAY216,"2,069",,,"2,069",0,0,0,,,,0,0,0,0,0
DAY217,,,,0,0,0,0,"1,318",,"3,364","4,682",0,0,0,0
DAY224,,,,0,0,0,0,,,"3,232","3,232",0,0,0,0
DBS050,,,,0,0,0,0,,,"7,613","7,613",0,0,0,0
DCB070,,,,0,0,0,0,458,"1,709",,"2,167",3.73,0,1.865,0
DCB095,"8,451",,"1,587","10,038",0,0,0,"29,715",,,"29,715",0,0,0,2.96
DCB111,,,,0,0,0,0,,,,0,0,0,0,0
DNR025,"1,106",,,"1,106",0,0,0,,,,0,0,0,0,0
DRB299,,,,0,0,0,0,,"1,001",,"1,001",0,0,0,0
DRB515,,,,0,0,0,0,,,210,210,0,0,0,0
DSB033,,,,0,0,0,0,,,"1,780","1,780",0,0,0,0
DTL132,,"1,325",,"1,325",0,0,0,,,,0,0,0,0,0
DTL264,,,,0,0,0,0,154,,,154,0,0,0,0
DTR272,,,,0,0,0,0,,,,0,0,0,0,0
DUD111,"52,092",,,"52,092",0,0,0,,,,0,0,0,0,0