กลุ่มข้อผิดพลาด (Error Group),รหัสข้อผิดพลาด (Error Code),ความหมาย (Meaning),สิ่งที่ต้องทำ (Action)
ความสำเร็จ (Success & Redirection),200 / 201,ระบบทำงานปกติ ดึงข้อมูลหรือสร้างข้อมูลสำเร็จ,ไม่ต้องดำเนินการใดๆ ระบบทำงานได้ตามปกติ
ความสำเร็จ (Success & Redirection),304,ข้อมูลไม่มีการเปลี่ยนแปลง โหลดจาก Cache,ไม่ต้องดำเนินการใดๆ ระบบทำงานได้ตามปกติ
ข้อผิดพลาดจากผู้ใช้ (Client / Validation Errors),400,ข้อมูลส่งมาไม่ครบถ้วนหรือไม่ถูกต้อง (เช่น ขาดรหัสสาขา ขาดเลขผู้เสียภาษี),L2 ตรวจสอบว่าระบบส่งข้อมูลมาผิดปกติหรือไม่ (ตรวจสอบ Payload ของ Request)
ข้อผิดพลาดจากผู้ใช้ (Client / Validation Errors),404,ไม่พบข้อมูลลูกค้า หรือไม่พบไฟล์เอกสารในระบบ,L2 ตรวจสอบข้อมูลใน Database หรือตรวจสอบในโฟลเดอร์ uploads/ ว่ามีไฟล์จริงหรือไม่
ข้อผิดพลาดจากผู้ใช้ (Client / Validation Errors),409,ข้อมูลขัดแย้งกันในระบบ (เช่น การพยายามสร้างคำขอซ้ำ),ตรวจสอบกับผู้ใช้งานว่ามีการกดส่งข้อมูลซ้ำซ้อนหรือไม่
การยืนยันตัวตนและสิทธิ์ (Authentication & Authorization),401,Session หมดอายุ หรือ Token ไม่ถูกต้อง / ไม่ได้เข้าสู่ระบบ,แนะนำให้ผู้ใช้งานทำการ Login เข้าสู่ระบบใหม่อีกครั้ง
การยืนยันตัวตนและสิทธิ์ (Authentication & Authorization),403,ไม่มีสิทธิ์เข้าถึง หรือฟีเจอร์บางอย่างถูกปิดการใช้งาน (เช่น ปิด Auto carry-over),L2 ตรวจสอบการตั้งค่าสิทธิ์ (Role) ในระบบ หรือตรวจสอบ Config ว่ามีการเปิดฟีเจอร์นี้หรือไม่
ข้อผิดพลาดของเซิร์ฟเวอร์ (Server / Infrastructure Errors),500,เกิดข้อผิดพลาดไม่คาดคิดที่ฝั่งเซิร์ฟเวอร์ (Backend Crash),L2 ต้องเข้าไปอ่านไฟล์ Log เพื่อหา Error Stack Trace และหากเป็น Bug ระดับโค้ด ให้ Escalate ไปยังทีมนักพัฒนา (Dev)
การเชื่อมต่อภายนอก (External API / Upstream Errors),502 / 503,เชื่อมต่อระบบภายนอกล้มเหลว (เช่น ไม่สามารถเชื่อมต่อกับ Navision ERP หรือ API ของ DBD ได้),"L2 ตรวจสอบ Network, เช็ค Firewall หรือ Ping ไปยังระบบปลายทางเพื่อดูว่าระบบภายนอกล่มอยู่หรือไม่"
